Branch_ID,Allocation_Type,Budget_Amount,Date
1001,Staff,496954,2025-01-01
1001,Utilities,530659,2025-01-01
1001,Provision,487249,2025-01-01
1001,Marketing,113382,2025-01-01
1001,Maintenance,288006,2025-01-01
1002,Staff,228902,2025-01-01
1002,Utilities,216956,2025-01-01
1002,Provision,516688,2025-01-01
1002,Marketing,537206,2025-01-01
1002,Maintenance,192560,2025-01-01
1003,Staff,291413,2025-01-01
1003,Utilities,139142,2025-01-01
1003,Provision,433808,2025-01-01
1003,Marketing,428509,2025-01-01
1003,Maintenance,148490,2025-01-01
1004,Staff,259668,2025-01-01
1004,Utilities,330191,2025-01-01
1004,Provision,525870,2025-01-01
1004,Marketing,367231,2025-01-01
1004,Maintenance,556773,2025-01-01
1005,Staff,408792,2025-01-01
1005,Utilities,520325,2025-01-01
1005,Provision,515151,2025-01-01
1005,Marketing,366925,2025-01-01
1005,Maintenance,128586,2025-01-01
1006,Staff,54287,2025-01-01
1006,Utilities,370881,2025-01-01
1006,Provision,379351,2025-01-01
1006,Marketing,372592,2025-01-01
1006,Maintenance,352079,2025-01-01
1007,Staff,315275,2025-01-01
1007,Utilities,532280,2025-01-01
1007,Provision,510270,2025-01-01
1007,Marketing,329108,2025-01-01
1007,Maintenance,394616,2025-01-01
1008,Staff,299806,2025-01-01
1008,Utilities,468364,2025-01-01
1008,Provision,598812,2025-01-01
1008,Marketing,580987,2025-01-01
1008,Maintenance,377133,2025-01-01
1009,Staff,233738,2025-01-01
1009,Utilities,354631,2025-01-01
1009,Provision,388019,2025-01-01
1009,Marketing,282134,2025-01-01
1009,Maintenance,452289,2025-01-01
1010,Staff,371190,2025-01-01
1010,Utilities,10973,2025-01-01
1010,Provision,190911,2025-01-01
1010,Marketing,522460,2025-01-01
1010,Maintenance,470870,2025-01-01
1011,Staff,463260,2025-01-01
1011,Utilities,405084,2025-01-01
1011,Provision,59366,2025-01-01
1011,Marketing,447375,2025-01-01
1011,Maintenance,279327,2025-01-01
1012,Staff,519830,2025-01-01
1012,Utilities,167638,2025-01-01
1012,Provision,366134,2025-01-01
1012,Marketing,132205,2025-01-01
1012,Maintenance,483594,2025-01-01
1013,Staff,504024,2025-01-01
1013,Utilities,365415,2025-01-01
1013,Provision,588298,2025-01-01
1013,Marketing,564990,2025-01-01
1013,Maintenance,123130,2025-01-01
1014,Staff,396586,2025-01-01
1014,Utilities,493235,2025-01-01
1014,Provision,73659,2025-01-01
1014,Marketing,486844,2025-01-01
1014,Maintenance,341701,2025-01-01
1015,Staff,275862,2025-01-01
1015,Utilities,434805,2025-01-01
1015,Provision,322978,2025-01-01
1015,Marketing,231698,2025-01-01
1015,Maintenance,221962,2025-01-01
1016,Staff,492033,2025-01-01
1016,Utilities,540120,2025-01-01
1016,Provision,267497,2025-01-01
1016,Marketing,56380,2025-01-01
1016,Maintenance,126990,2025-01-01
1017,Staff,261593,2025-01-01
1017,Utilities,311357,2025-01-01
1017,Provision,242634,2025-01-01
1017,Marketing,539755,2025-01-01
1017,Maintenance,499356,2025-01-01
1018,Staff,47390,2025-01-01
1018,Utilities,300305,2025-01-01
1018,Provision,530458,2025-01-01
1018,Marketing,474463,2025-01-01
1018,Maintenance,34903,2025-01-01
1019,Staff,597460,2025-01-01
1019,Utilities,262772,2025-01-01
1019,Provision,520421,2025-01-01
1019,Marketing,50445,2025-01-01
1019,Maintenance,61318,2025-01-01
1020,Staff,344584,2025-01-01
1020,Utilities,560713,2025-01-01
1020,Provision,538216,2025-01-01
1020,Marketing,404183,2025-01-01
1020,Maintenance,86273,2025-01-01
1021,Staff,506040,2025-01-01
1021,Utilities,498655,2025-01-01
1021,Provision,184566,2025-01-01
1021,Marketing,183887,2025-01-01
1021,Maintenance,89494,2025-01-01
1022,Staff,233492,2025-01-01
1022,Utilities,62440,2025-01-01
1022,Provision,119683,2025-01-01
1022,Marketing,159099,2025-01-01
1022,Maintenance,114662,2025-01-01
1023,Staff,232115,2025-01-01
1023,Utilities,100056,2025-01-01
1023,Provision,222219,2025-01-01
1023,Marketing,406960,2025-01-01
1023,Maintenance,154324,2025-01-01
1024,Staff,234017,2025-01-01
1024,Utilities,46440,2025-01-01
1024,Provision,228074,2025-01-01
1024,Marketing,592500,2025-01-01
1024,Maintenance,510329,2025-01-01
1025,Staff,549926,2025-01-01
1025,Utilities,191104,2025-01-01
1025,Provision,207217,2025-01-01
1025,Marketing,267911,2025-01-01
1025,Maintenance,590409,2025-01-01
1026,Staff,466599,2025-01-01
1026,Utilities,406531,2025-01-01
1026,Provision,355339,2025-01-01
1026,Marketing,110074,2025-01-01
1026,Maintenance,413576,2025-01-01
1027,Staff,192110,2025-01-01
1027,Utilities,371284,2025-01-01
1027,Provision,465296,2025-01-01
1027,Marketing,255971,2025-01-01
1027,Maintenance,424112,2025-01-01
1028,Staff,468905,2025-01-01
1028,Utilities,442134,2025-01-01
1028,Provision,536855,2025-01-01
1028,Marketing,59212,2025-01-01
1028,Maintenance,439649,2025-01-01
1029,Staff,166853,2025-01-01
1029,Utilities,206884,2025-01-01
1029,Provision,232145,2025-01-01
1029,Marketing,217553,2025-01-01
1029,Maintenance,500358,2025-01-01
1030,Staff,208274,2025-01-01
1030,Utilities,334734,2025-01-01
1030,Provision,199469,2025-01-01
1030,Marketing,169580,2025-01-01
1030,Maintenance,333842,2025-01-01
1031,Staff,204835,2025-01-01
1031,Utilities,133205,2025-01-01
1031,Provision,55818,2025-01-01
1031,Marketing,176950,2025-01-01
1031,Maintenance,560339,2025-01-01
1032,Staff,584359,2025-01-01
1032,Utilities,281196,2025-01-01
1032,Provision,117727,2025-01-01
1032,Marketing,148606,2025-01-01
1032,Maintenance,517129,2025-01-01
1033,Staff,288944,2025-01-01
1033,Utilities,541705,2025-01-01
1033,Provision,423144,2025-01-01
1033,Marketing,34196,2025-01-01
1033,Maintenance,103182,2025-01-01
1034,Staff,340611,2025-01-01
1034,Utilities,151339,2025-01-01
1034,Provision,314342,2025-01-01
1034,Marketing,266670,2025-01-01
1034,Maintenance,377331,2025-01-01
1035,Staff,329450,2025-01-01
1035,Utilities,586940,2025-01-01
1035,Provision,81948,2025-01-01
1035,Marketing,299985,2025-01-01
1035,Maintenance,20471,2025-01-01
1036,Staff,489902,2025-01-01
1036,Utilities,487458,2025-01-01
1036,Provision,244491,2025-01-01
1036,Marketing,544083,2025-01-01
1036,Maintenance,516002,2025-01-01
1037,Staff,159426,2025-01-01
1037,Utilities,360447,2025-01-01
1037,Provision,432549,2025-01-01
1037,Marketing,171017,2025-01-01
1037,Maintenance,65101,2025-01-01
1038,Staff,505145,2025-01-01
1038,Utilities,379961,2025-01-01
1038,Provision,221022,2025-01-01
1038,Marketing,495002,2025-01-01
1038,Maintenance,346394,2025-01-01
1039,Staff,52155,2025-01-01
1039,Utilities,477923,2025-01-01
1039,Provision,415086,2025-01-01
1039,Marketing,301920,2025-01-01
1039,Maintenance,423896,2025-01-01
1040,Staff,503443,2025-01-01
1040,Utilities,506284,2025-01-01
1040,Provision,595886,2025-01-01
1040,Marketing,545558,2025-01-01
1040,Maintenance,310223,2025-01-01
1041,Staff,22715,2025-01-01
1041,Utilities,188498,2025-01-01
1041,Provision,79974,2025-01-01
1041,Marketing,117572,2025-01-01
1041,Maintenance,542567,2025-01-01
1042,Staff,435257,2025-01-01
1042,Utilities,100049,2025-01-01
1042,Provision,277106,2025-01-01
1042,Marketing,479547,2025-01-01
1042,Maintenance,80210,2025-01-01
1043,Staff,460178,2025-01-01
1043,Utilities,284783,2025-01-01
1043,Provision,81046,2025-01-01
1043,Marketing,128069,2025-01-01
1043,Maintenance,470127,2025-01-01
1044,Staff,561553,2025-01-01
1044,Utilities,327598,2025-01-01
1044,Provision,374634,2025-01-01
1044,Marketing,308862,2025-01-01
1044,Maintenance,479968,2025-01-01
1045,Staff,523830,2025-01-01
1045,Utilities,27187,2025-01-01
1045,Provision,298465,2025-01-01
1045,Marketing,548834,2025-01-01
1045,Maintenance,39985,2025-01-01
1046,Staff,267175,2025-01-01
1046,Utilities,104425,2025-01-01
1046,Provision,332958,2025-01-01
1046,Marketing,599803,2025-01-01
1046,Maintenance,269383,2025-01-01
1047,Staff,363455,2025-01-01
1047,Utilities,493378,2025-01-01
1047,Provision,578469,2025-01-01
1047,Marketing,340983,2025-01-01
1047,Maintenance,577407,2025-01-01
1048,Staff,396051,2025-01-01
1048,Utilities,388909,2025-01-01
1048,Provision,546153,2025-01-01
1048,Marketing,220880,2025-01-01
1048,Maintenance,314364,2025-01-01
1049,Staff,224340,2025-01-01
1049,Utilities,292133,2025-01-01
1049,Provision,83794,2025-01-01
1049,Marketing,318694,2025-01-01
1049,Maintenance,22881,2025-01-01
1050,Staff,176078,2025-01-01
1050,Utilities,427318,2025-01-01
1050,Provision,373947,2025-01-01
1050,Marketing,230048,2025-01-01
1050,Maintenance,495539,2025-01-01
1051,Staff,323519,2025-01-01
1051,Utilities,222513,2025-01-01
1051,Provision,79402,2025-01-01
1051,Marketing,448981,2025-01-01
1051,Maintenance,80407,2025-01-01
1052,Staff,336439,2025-01-01
1052,Utilities,424548,2025-01-01
1052,Provision,447867,2025-01-01
1052,Marketing,166960,2025-01-01
1052,Maintenance,436489,2025-01-01
1053,Staff,329264,2025-01-01
1053,Utilities,261126,2025-01-01
1053,Provision,592579,2025-01-01
1053,Marketing,123473,2025-01-01
1053,Maintenance,184026,2025-01-01
1054,Staff,197796,2025-01-01
1054,Utilities,363349,2025-01-01
1054,Provision,502377,2025-01-01
1054,Marketing,457061,2025-01-01
1054,Maintenance,572677,2025-01-01
1055,Staff,239317,2025-01-01
1055,Utilities,520692,2025-01-01
1055,Provision,118246,2025-01-01
1055,Marketing,464411,2025-01-01
1055,Maintenance,253647,2025-01-01
1056,Staff,555913,2025-01-01
1056,Utilities,296457,2025-01-01
1056,Provision,345005,2025-01-01
1056,Marketing,20071,2025-01-01
1056,Maintenance,263476,2025-01-01
1057,Staff,370095,2025-01-01
1057,Utilities,571236,2025-01-01
1057,Provision,449150,2025-01-01
1057,Marketing,173142,2025-01-01
1057,Maintenance,591037,2025-01-01
1058,Staff,508390,2025-01-01
1058,Utilities,444791,2025-01-01
1058,Provision,183779,2025-01-01
1058,Marketing,255695,2025-01-01
1058,Maintenance,326086,2025-01-01
1059,Staff,98811,2025-01-01
1059,Utilities,459065,2025-01-01
1059,Provision,355114,2025-01-01
1059,Marketing,407636,2025-01-01
1059,Maintenance,226184,2025-01-01
1060,Staff,504832,2025-01-01
1060,Utilities,377813,2025-01-01
1060,Provision,232408,2025-01-01
1060,Marketing,156239,2025-01-01
1060,Maintenance,427275,2025-01-01
1061,Staff,331584,2025-01-01
1061,Utilities,364791,2025-01-01
1061,Provision,417615,2025-01-01
1061,Marketing,335702,2025-01-01
1061,Maintenance,363527,2025-01-01
1062,Staff,552596,2025-01-01
1062,Utilities,201844,2025-01-01
1062,Provision,195119,2025-01-01
1062,Marketing,279911,2025-01-01
1062,Maintenance,530379,2025-01-01
1063,Staff,251616,2025-01-01
1063,Utilities,483883,2025-01-01
1063,Provision,245710,2025-01-01
1063,Marketing,89894,2025-01-01
1063,Maintenance,85592,2025-01-01
1064,Staff,268741,2025-01-01
1064,Utilities,261608,2025-01-01
1064,Provision,306856,2025-01-01
1064,Marketing,351381,2025-01-01
1064,Maintenance,56886,2025-01-01
1065,Staff,283025,2025-01-01
1065,Utilities,261949,2025-01-01
1065,Provision,150247,2025-01-01
1065,Marketing,431873,2025-01-01
1065,Maintenance,364850,2025-01-01
1066,Staff,166521,2025-01-01
1066,Utilities,66532,2025-01-01
1066,Provision,285239,2025-01-01
1066,Marketing,35202,2025-01-01
1066,Maintenance,574373,2025-01-01
1067,Staff,218112,2025-01-01
1067,Utilities,388069,2025-01-01
1067,Provision,513164,2025-01-01
1067,Marketing,394968,2025-01-01
1067,Maintenance,170767,2025-01-01
1068,Staff,493595,2025-01-01
1068,Utilities,414533,2025-01-01
1068,Provision,325862,2025-01-01
1068,Marketing,413570,2025-01-01
1068,Maintenance,112196,2025-01-01
1069,Staff,48118,2025-01-01
1069,Utilities,490227,2025-01-01
1069,Provision,25228,2025-01-01
1069,Marketing,116627,2025-01-01
1069,Maintenance,264688,2025-01-01
1070,Staff,563110,2025-01-01
1070,Utilities,506690,2025-01-01
1070,Provision,315625,2025-01-01
1070,Marketing,103291,2025-01-01
1070,Maintenance,254325,2025-01-01
1071,Staff,336866,2025-01-01
1071,Utilities,12036,2025-01-01
1071,Provision,115224,2025-01-01
1071,Marketing,55876,2025-01-01
1071,Maintenance,253480,2025-01-01
1072,Staff,133192,2025-01-01
1072,Utilities,157593,2025-01-01
1072,Provision,49779,2025-01-01
1072,Marketing,487338,2025-01-01
1072,Maintenance,318220,2025-01-01
1073,Staff,371369,2025-01-01
1073,Utilities,588889,2025-01-01
1073,Provision,597760,2025-01-01
1073,Marketing,49282,2025-01-01
1073,Maintenance,226826,2025-01-01
1074,Staff,312568,2025-01-01
1074,Utilities,96924,2025-01-01
1074,Provision,189074,2025-01-01
1074,Marketing,419559,2025-01-01
1074,Maintenance,194677,2025-01-01
1075,Staff,43892,2025-01-01
1075,Utilities,448518,2025-01-01
1075,Provision,290359,2025-01-01
1075,Marketing,351249,2025-01-01
1075,Maintenance,416399,2025-01-01
1076,Staff,560806,2025-01-01
1076,Utilities,562725,2025-01-01
1076,Provision,164187,2025-01-01
1076,Marketing,155828,2025-01-01
1076,Maintenance,572805,2025-01-01
1077,Staff,508901,2025-01-01
1077,Utilities,179653,2025-01-01
1077,Provision,518059,2025-01-01
1077,Marketing,100069,2025-01-01
1077,Maintenance,313815,2025-01-01
1078,Staff,394717,2025-01-01
1078,Utilities,253171,2025-01-01
1078,Provision,106416,2025-01-01
1078,Marketing,409646,2025-01-01
1078,Maintenance,392778,2025-01-01
1079,Staff,227778,2025-01-01
1079,Utilities,599268,2025-01-01
1079,Provision,511264,2025-01-01
1079,Marketing,204457,2025-01-01
1079,Maintenance,421279,2025-01-01
1080,Staff,389876,2025-01-01
1080,Utilities,233699,2025-01-01
1080,Provision,224764,2025-01-01
1080,Marketing,99238,2025-01-01
1080,Maintenance,563539,2025-01-01
1081,Staff,591185,2025-01-01
1081,Utilities,75664,2025-01-01
1081,Provision,492978,2025-01-01
1081,Marketing,493925,2025-01-01
1081,Maintenance,252336,2025-01-01
1082,Staff,94033,2025-01-01
1082,Utilities,46407,2025-01-01
1082,Provision,87202,2025-01-01
1082,Marketing,567446,2025-01-01
1082,Maintenance,220157,2025-01-01
1083,Staff,18298,2025-01-01
1083,Utilities,102509,2025-01-01
1083,Provision,312744,2025-01-01
1083,Marketing,87463,2025-01-01
1083,Maintenance,403286,2025-01-01
1084,Staff,507456,2025-01-01
1084,Utilities,325273,2025-01-01
1084,Provision,598301,2025-01-01
1084,Marketing,287716,2025-01-01
1084,Maintenance,296205,2025-01-01
1085,Staff,115020,2025-01-01
1085,Utilities,362004,2025-01-01
1085,Provision,268545,2025-01-01
1085,Marketing,205095,2025-01-01
1085,Maintenance,296079,2025-01-01
1086,Staff,458020,2025-01-01
1086,Utilities,512975,2025-01-01
1086,Provision,292140,2025-01-01
1086,Marketing,453991,2025-01-01
1086,Maintenance,306499,2025-01-01
1087,Staff,171949,2025-01-01
1087,Utilities,36979,2025-01-01
1087,Provision,124460,2025-01-01
1087,Marketing,11883,2025-01-01
1087,Maintenance,405671,2025-01-01
1088,Staff,266603,2025-01-01
1088,Utilities,40875,2025-01-01
1088,Provision,11035,2025-01-01
1088,Marketing,405480,2025-01-01
1088,Maintenance,555515,2025-01-01
1089,Staff,164996,2025-01-01
1089,Utilities,361195,2025-01-01
1089,Provision,242230,2025-01-01
1089,Marketing,123814,2025-01-01
1089,Maintenance,36352,2025-01-01
1090,Staff,412698,2025-01-01
1090,Utilities,500114,2025-01-01
1090,Provision,65295,2025-01-01
1090,Marketing,13931,2025-01-01
1090,Maintenance,155300,2025-01-01
1091,Staff,489535,2025-01-01
1091,Utilities,114036,2025-01-01
1091,Provision,197067,2025-01-01
1091,Marketing,186530,2025-01-01
1091,Maintenance,529083,2025-01-01
1092,Staff,536360,2025-01-01
1092,Utilities,344513,2025-01-01
1092,Provision,557053,2025-01-01
1092,Marketing,209922,2025-01-01
1092,Maintenance,585180,2025-01-01
1093,Staff,323747,2025-01-01
1093,Utilities,215194,2025-01-01
1093,Provision,307788,2025-01-01
1093,Marketing,228424,2025-01-01
1093,Maintenance,116367,2025-01-01
1094,Staff,257199,2025-01-01
1094,Utilities,146363,2025-01-01
1094,Provision,275356,2025-01-01
1094,Marketing,101582,2025-01-01
1094,Maintenance,597773,2025-01-01
1095,Staff,426969,2025-01-01
1095,Utilities,519327,2025-01-01
1095,Provision,110085,2025-01-01
1095,Marketing,246352,2025-01-01
1095,Maintenance,226883,2025-01-01
1096,Staff,398028,2025-01-01
1096,Utilities,183225,2025-01-01
1096,Provision,532464,2025-01-01
1096,Marketing,378508,2025-01-01
1096,Maintenance,355945,2025-01-01
1097,Staff,37615,2025-01-01
1097,Utilities,333134,2025-01-01
1097,Provision,208300,2025-01-01
1097,Marketing,67096,2025-01-01
1097,Maintenance,373865,2025-01-01
1098,Staff,547549,2025-01-01
1098,Utilities,475646,2025-01-01
1098,Provision,332757,2025-01-01
1098,Marketing,444915,2025-01-01
1098,Maintenance,195369,2025-01-01
1099,Staff,325974,2025-01-01
1099,Utilities,313942,2025-01-01
1099,Provision,324476,2025-01-01
1099,Marketing,232437,2025-01-01
1099,Maintenance,201975,2025-01-01
1100,Staff,560905,2025-01-01
1100,Utilities,454230,2025-01-01
1100,Provision,21249,2025-01-01
1100,Marketing,599710,2025-01-01
1100,Maintenance,586530,2025-01-01
1001,Staff,91897,2025-01-31
1001,Utilities,42950,2025-01-31
1001,Provision,54142,2025-01-31
1001,Marketing,67905,2025-01-31
1001,Maintenance,513967,2025-01-31
1002,Staff,165072,2025-01-31
1002,Utilities,28460,2025-01-31
1002,Provision,231084,2025-01-31
1002,Marketing,12495,2025-01-31
1002,Maintenance,258913,2025-01-31
1003,Staff,11691,2025-01-31
1003,Utilities,163905,2025-01-31
1003,Provision,559663,2025-01-31
1003,Marketing,255214,2025-01-31
1003,Maintenance,381457,2025-01-31
1004,Staff,238739,2025-01-31
1004,Utilities,192268,2025-01-31
1004,Provision,111285,2025-01-31
1004,Marketing,571093,2025-01-31
1004,Maintenance,177493,2025-01-31
1005,Staff,488148,2025-01-31
1005,Utilities,349939,2025-01-31
1005,Provision,226956,2025-01-31
1005,Marketing,177048,2025-01-31
1005,Maintenance,448102,2025-01-31
1006,Staff,334449,2025-01-31
1006,Utilities,89484,2025-01-31
1006,Provision,61387,2025-01-31
1006,Marketing,261132,2025-01-31
1006,Maintenance,81985,2025-01-31
1007,Staff,427509,2025-01-31
1007,Utilities,40087,2025-01-31
1007,Provision,182160,2025-01-31
1007,Marketing,25829,2025-01-31
1007,Maintenance,93381,2025-01-31
1008,Staff,22222,2025-01-31
1008,Utilities,412091,2025-01-31
1008,Provision,309461,2025-01-31
1008,Marketing,424340,2025-01-31
1008,Maintenance,496622,2025-01-31
1009,Staff,540677,2025-01-31
1009,Utilities,369785,2025-01-31
1009,Provision,529434,2025-01-31
1009,Marketing,247144,2025-01-31
1009,Maintenance,208289,2025-01-31
1010,Staff,247113,2025-01-31
1010,Utilities,449401,2025-01-31
1010,Provision,253114,2025-01-31
1010,Marketing,84293,2025-01-31
1010,Maintenance,484029,2025-01-31
1011,Staff,549136,2025-01-31
1011,Utilities,55509,2025-01-31
1011,Provision,32006,2025-01-31
1011,Marketing,25010,2025-01-31
1011,Maintenance,88043,2025-01-31
1012,Staff,328585,2025-01-31
1012,Utilities,287674,2025-01-31
1012,Provision,516387,2025-01-31
1012,Marketing,55830,2025-01-31
1012,Maintenance,201866,2025-01-31
1013,Staff,481783,2025-01-31
1013,Utilities,561088,2025-01-31
1013,Provision,337427,2025-01-31
1013,Marketing,314472,2025-01-31
1013,Maintenance,422615,2025-01-31
1014,Staff,385305,2025-01-31
1014,Utilities,460502,2025-01-31
1014,Provision,24222,2025-01-31
1014,Marketing,321538,2025-01-31
1014,Maintenance,571051,2025-01-31
1015,Staff,145498,2025-01-31
1015,Utilities,429794,2025-01-31
1015,Provision,34074,2025-01-31
1015,Marketing,180107,2025-01-31
1015,Maintenance,147441,2025-01-31
1016,Staff,574302,2025-01-31
1016,Utilities,92952,2025-01-31
1016,Provision,233182,2025-01-31
1016,Marketing,555024,2025-01-31
1016,Maintenance,538597,2025-01-31
1017,Staff,393226,2025-01-31
1017,Utilities,500902,2025-01-31
1017,Provision,441920,2025-01-31
1017,Marketing,230331,2025-01-31
1017,Maintenance,537174,2025-01-31
1018,Staff,179806,2025-01-31
1018,Utilities,356139,2025-01-31
1018,Provision,67565,2025-01-31
1018,Marketing,57698,2025-01-31
1018,Maintenance,528990,2025-01-31
1019,Staff,145549,2025-01-31
1019,Utilities,302101,2025-01-31
1019,Provision,211590,2025-01-31
1019,Marketing,113223,2025-01-31
1019,Maintenance,501332,2025-01-31
1020,Staff,305819,2025-01-31
1020,Utilities,297274,2025-01-31
1020,Provision,540141,2025-01-31
1020,Marketing,588709,2025-01-31
1020,Maintenance,557108,2025-01-31
1021,Staff,393554,2025-01-31
1021,Utilities,575503,2025-01-31
1021,Provision,278403,2025-01-31
1021,Marketing,188259,2025-01-31
1021,Maintenance,376150,2025-01-31
1022,Staff,20328,2025-01-31
1022,Utilities,49662,2025-01-31
1022,Provision,312749,2025-01-31
1022,Marketing,455268,2025-01-31
1022,Maintenance,525003,2025-01-31
1023,Staff,330921,2025-01-31
1023,Utilities,423621,2025-01-31
1023,Provision,60906,2025-01-31
1023,Marketing,27315,2025-01-31
1023,Maintenance,394477,2025-01-31
1024,Staff,572762,2025-01-31
1024,Utilities,532591,2025-01-31
1024,Provision,339193,2025-01-31
1024,Marketing,184534,2025-01-31
1024,Maintenance,68307,2025-01-31
1025,Staff,160454,2025-01-31
1025,Utilities,161986,2025-01-31
1025,Provision,265948,2025-01-31
1025,Marketing,301681,2025-01-31
1025,Maintenance,348041,2025-01-31
1026,Staff,514246,2025-01-31
1026,Utilities,267649,2025-01-31
1026,Provision,286498,2025-01-31
1026,Marketing,469435,2025-01-31
1026,Maintenance,112716,2025-01-31
1027,Staff,599742,2025-01-31
1027,Utilities,186487,2025-01-31
1027,Provision,95537,2025-01-31
1027,Marketing,106315,2025-01-31
1027,Maintenance,427563,2025-01-31
1028,Staff,62347,2025-01-31
1028,Utilities,203843,2025-01-31
1028,Provision,372726,2025-01-31
1028,Marketing,532298,2025-01-31
1028,Maintenance,320064,2025-01-31
1029,Staff,420678,2025-01-31
1029,Utilities,338808,2025-01-31
1029,Provision,465474,2025-01-31
1029,Marketing,480138,2025-01-31
1029,Maintenance,588241,2025-01-31
1030,Staff,501370,2025-01-31
1030,Utilities,510013,2025-01-31
1030,Provision,349374,2025-01-31
1030,Marketing,256876,2025-01-31
1030,Maintenance,480859,2025-01-31
1031,Staff,209109,2025-01-31
1031,Utilities,88179,2025-01-31
1031,Provision,257328,2025-01-31
1031,Marketing,167998,2025-01-31
1031,Maintenance,170268,2025-01-31
1032,Staff,490986,2025-01-31
1032,Utilities,541006,2025-01-31
1032,Provision,52390,2025-01-31
1032,Marketing,218152,2025-01-31
1032,Maintenance,138344,2025-01-31
1033,Staff,242377,2025-01-31
1033,Utilities,395251,2025-01-31
1033,Provision,17367,2025-01-31
1033,Marketing,433961,2025-01-31
1033,Maintenance,37467,2025-01-31
1034,Staff,278737,2025-01-31
1034,Utilities,109457,2025-01-31
1034,Provision,43126,2025-01-31
1034,Marketing,337642,2025-01-31
1034,Maintenance,536404,2025-01-31
1035,Staff,456879,2025-01-31
1035,Utilities,241075,2025-01-31
1035,Provision,153030,2025-01-31
1035,Marketing,28333,2025-01-31
1035,Maintenance,92143,2025-01-31
1036,Staff,102593,2025-01-31
1036,Utilities,360372,2025-01-31
1036,Provision,594634,2025-01-31
1036,Marketing,345558,2025-01-31
1036,Maintenance,163056,2025-01-31
1037,Staff,173009,2025-01-31
1037,Utilities,106532,2025-01-31
1037,Provision,486128,2025-01-31
1037,Marketing,245346,2025-01-31
1037,Maintenance,577916,2025-01-31
1038,Staff,568803,2025-01-31
1038,Utilities,291783,2025-01-31
1038,Provision,212289,2025-01-31
1038,Marketing,363355,2025-01-31
1038,Maintenance,419848,2025-01-31
1039,Staff,99689,2025-01-31
1039,Utilities,483718,2025-01-31
1039,Provision,578873,2025-01-31
1039,Marketing,305386,2025-01-31
1039,Maintenance,36327,2025-01-31
1040,Staff,460573,2025-01-31
1040,Utilities,105665,2025-01-31
1040,Provision,109641,2025-01-31
1040,Marketing,520471,2025-01-31
1040,Maintenance,275682,2025-01-31
1041,Staff,457109,2025-01-31
1041,Utilities,330784,2025-01-31
1041,Provision,230462,2025-01-31
1041,Marketing,423982,2025-01-31
1041,Maintenance,49091,2025-01-31
1042,Staff,61299,2025-01-31
1042,Utilities,14961,2025-01-31
1042,Provision,238869,2025-01-31
1042,Marketing,592045,2025-01-31
1042,Maintenance,561477,2025-01-31
1043,Staff,398950,2025-01-31
1043,Utilities,70821,2025-01-31
1043,Provision,103680,2025-01-31
1043,Marketing,289108,2025-01-31
1043,Maintenance,365856,2025-01-31
1044,Staff,480944,2025-01-31
1044,Utilities,331726,2025-01-31
1044,Provision,516428,2025-01-31
1044,Marketing,68804,2025-01-31
1044,Maintenance,464785,2025-01-31
1045,Staff,67527,2025-01-31
1045,Utilities,94825,2025-01-31
1045,Provision,564423,2025-01-31
1045,Marketing,496286,2025-01-31
1045,Maintenance,442599,2025-01-31
1046,Staff,233965,2025-01-31
1046,Utilities,434063,2025-01-31
1046,Provision,504709,2025-01-31
1046,Marketing,495769,2025-01-31
1046,Maintenance,552731,2025-01-31
1047,Staff,102467,2025-01-31
1047,Utilities,548022,2025-01-31
1047,Provision,205575,2025-01-31
1047,Marketing,35434,2025-01-31
1047,Maintenance,127242,2025-01-31
1048,Staff,247362,2025-01-31
1048,Utilities,499361,2025-01-31
1048,Provision,92070,2025-01-31
1048,Marketing,242969,2025-01-31
1048,Maintenance,383535,2025-01-31
1049,Staff,513438,2025-01-31
1049,Utilities,53430,2025-01-31
1049,Provision,66631,2025-01-31
1049,Marketing,163774,2025-01-31
1049,Maintenance,511595,2025-01-31
1050,Staff,478335,2025-01-31
1050,Utilities,487897,2025-01-31
1050,Provision,68459,2025-01-31
1050,Marketing,598402,2025-01-31
1050,Maintenance,570615,2025-01-31
1051,Staff,206095,2025-01-31
1051,Utilities,189320,2025-01-31
1051,Provision,334573,2025-01-31
1051,Marketing,229731,2025-01-31
1051,Maintenance,466703,2025-01-31
1052,Staff,441368,2025-01-31
1052,Utilities,562496,2025-01-31
1052,Provision,302988,2025-01-31
1052,Marketing,322392,2025-01-31
1052,Maintenance,456489,2025-01-31
1053,Staff,336096,2025-01-31
1053,Utilities,478799,2025-01-31
1053,Provision,209491,2025-01-31
1053,Marketing,83048,2025-01-31
1053,Maintenance,131372,2025-01-31
1054,Staff,444978,2025-01-31
1054,Utilities,148535,2025-01-31
1054,Provision,204766,2025-01-31
1054,Marketing,163930,2025-01-31
1054,Maintenance,284827,2025-01-31
1055,Staff,167652,2025-01-31
1055,Utilities,479026,2025-01-31
1055,Provision,39020,2025-01-31
1055,Marketing,41246,2025-01-31
1055,Maintenance,346585,2025-01-31
1056,Staff,561004,2025-01-31
1056,Utilities,124120,2025-01-31
1056,Provision,103696,2025-01-31
1056,Marketing,422946,2025-01-31
1056,Maintenance,207001,2025-01-31
1057,Staff,550432,2025-01-31
1057,Utilities,22222,2025-01-31
1057,Provision,299998,2025-01-31
1057,Marketing,30004,2025-01-31
1057,Maintenance,194103,2025-01-31
1058,Staff,541353,2025-01-31
1058,Utilities,132024,2025-01-31
1058,Provision,526308,2025-01-31
1058,Marketing,281808,2025-01-31
1058,Maintenance,428111,2025-01-31
1059,Staff,483646,2025-01-31
1059,Utilities,51487,2025-01-31
1059,Provision,46710,2025-01-31
1059,Marketing,264116,2025-01-31
1059,Maintenance,272910,2025-01-31
1060,Staff,267360,2025-01-31
1060,Utilities,128014,2025-01-31
1060,Provision,355416,2025-01-31
1060,Marketing,361937,2025-01-31
1060,Maintenance,496964,2025-01-31
1061,Staff,510422,2025-01-31
1061,Utilities,157013,2025-01-31
1061,Provision,518941,2025-01-31
1061,Marketing,446075,2025-01-31
1061,Maintenance,479353,2025-01-31
1062,Staff,593670,2025-01-31
1062,Utilities,383779,2025-01-31
1062,Provision,273209,2025-01-31
1062,Marketing,160741,2025-01-31
1062,Maintenance,323431,2025-01-31
1063,Staff,63645,2025-01-31
1063,Utilities,78254,2025-01-31
1063,Provision,421110,2025-01-31
1063,Marketing,435368,2025-01-31
1063,Maintenance,409569,2025-01-31
1064,Staff,40092,2025-01-31
1064,Utilities,76782,2025-01-31
1064,Provision,164101,2025-01-31
1064,Marketing,251323,2025-01-31
1064,Maintenance,176443,2025-01-31
1065,Staff,54301,2025-01-31
1065,Utilities,147072,2025-01-31
1065,Provision,522443,2025-01-31
1065,Marketing,587034,2025-01-31
1065,Maintenance,400940,2025-01-31
1066,Staff,261033,2025-01-31
1066,Utilities,137717,2025-01-31
1066,Provision,70732,2025-01-31
1066,Marketing,53991,2025-01-31
1066,Maintenance,353524,2025-01-31
1067,Staff,513115,2025-01-31
1067,Utilities,472860,2025-01-31
1067,Provision,265493,2025-01-31
1067,Marketing,305277,2025-01-31
1067,Maintenance,436643,2025-01-31
1068,Staff,435756,2025-01-31
1068,Utilities,444088,2025-01-31
1068,Provision,312378,2025-01-31
1068,Marketing,104999,2025-01-31
1068,Maintenance,346699,2025-01-31
1069,Staff,35624,2025-01-31
1069,Utilities,237522,2025-01-31
1069,Provision,557149,2025-01-31
1069,Marketing,426376,2025-01-31
1069,Maintenance,332287,2025-01-31
1070,Staff,561818,2025-01-31
1070,Utilities,51459,2025-01-31
1070,Provision,349679,2025-01-31
1070,Marketing,576013,2025-01-31
1070,Maintenance,479676,2025-01-31
1071,Staff,364242,2025-01-31
1071,Utilities,150684,2025-01-31
1071,Provision,109404,2025-01-31
1071,Marketing,95099,2025-01-31
1071,Maintenance,147533,2025-01-31
1072,Staff,243476,2025-01-31
1072,Utilities,33752,2025-01-31
1072,Provision,266728,2025-01-31
1072,Marketing,149386,2025-01-31
1072,Maintenance,88535,2025-01-31
1073,Staff,133003,2025-01-31
1073,Utilities,148065,2025-01-31
1073,Provision,338747,2025-01-31
1073,Marketing,111525,2025-01-31
1073,Maintenance,553494,2025-01-31
1074,Staff,285103,2025-01-31
1074,Utilities,51953,2025-01-31
1074,Provision,305402,2025-01-31
1074,Marketing,152935,2025-01-31
1074,Maintenance,453857,2025-01-31
1075,Staff,433888,2025-01-31
1075,Utilities,589277,2025-01-31
1075,Provision,234466,2025-01-31
1075,Marketing,10557,2025-01-31
1075,Maintenance,348598,2025-01-31
1076,Staff,150202,2025-01-31
1076,Utilities,551688,2025-01-31
1076,Provision,145138,2025-01-31
1076,Marketing,205995,2025-01-31
1076,Maintenance,456012,2025-01-31
1077,Staff,485228,2025-01-31
1077,Utilities,174270,2025-01-31
1077,Provision,91997,2025-01-31
1077,Marketing,340473,2025-01-31
1077,Maintenance,317178,2025-01-31
1078,Staff,515091,2025-01-31
1078,Utilities,354240,2025-01-31
1078,Provision,415044,2025-01-31
1078,Marketing,68321,2025-01-31
1078,Maintenance,497523,2025-01-31
1079,Staff,19517,2025-01-31
1079,Utilities,483197,2025-01-31
1079,Provision,239850,2025-01-31
1079,Marketing,124948,2025-01-31
1079,Maintenance,173481,2025-01-31
1080,Staff,545063,2025-01-31
1080,Utilities,206909,2025-01-31
1080,Provision,589139,2025-01-31
1080,Marketing,60094,2025-01-31
1080,Maintenance,179201,2025-01-31
1081,Staff,96686,2025-01-31
1081,Utilities,523931,2025-01-31
1081,Provision,260912,2025-01-31
1081,Marketing,409764,2025-01-31
1081,Maintenance,156363,2025-01-31
1082,Staff,218224,2025-01-31
1082,Utilities,596612,2025-01-31
1082,Provision,370454,2025-01-31
1082,Marketing,94365,2025-01-31
1082,Maintenance,314779,2025-01-31
1083,Staff,208343,2025-01-31
1083,Utilities,429158,2025-01-31
1083,Provision,492100,2025-01-31
1083,Marketing,328301,2025-01-31
1083,Maintenance,293653,2025-01-31
1084,Staff,575257,2025-01-31
1084,Utilities,391806,2025-01-31
1084,Provision,507856,2025-01-31
1084,Marketing,67843,2025-01-31
1084,Maintenance,194174,2025-01-31
1085,Staff,371788,2025-01-31
1085,Utilities,257144,2025-01-31
1085,Provision,29176,2025-01-31
1085,Marketing,221872,2025-01-31
1085,Maintenance,314983,2025-01-31
1086,Staff,13167,2025-01-31
1086,Utilities,591618,2025-01-31
1086,Provision,247356,2025-01-31
1086,Marketing,75221,2025-01-31
1086,Maintenance,19741,2025-01-31
1087,Staff,344309,2025-01-31
1087,Utilities,152502,2025-01-31
1087,Provision,440068,2025-01-31
1087,Marketing,341987,2025-01-31
1087,Maintenance,369589,2025-01-31
1088,Staff,586259,2025-01-31
1088,Utilities,118576,2025-01-31
1088,Provision,358943,2025-01-31
1088,Marketing,69566,2025-01-31
1088,Maintenance,208707,2025-01-31
1089,Staff,426238,2025-01-31
1089,Utilities,160630,2025-01-31
1089,Provision,482150,2025-01-31
1089,Marketing,460056,2025-01-31
1089,Maintenance,148659,2025-01-31
1090,Staff,563701,2025-01-31
1090,Utilities,270231,2025-01-31
1090,Provision,583064,2025-01-31
1090,Marketing,203785,2025-01-31
1090,Maintenance,205198,2025-01-31
1091,Staff,212634,2025-01-31
1091,Utilities,120103,2025-01-31
1091,Provision,539156,2025-01-31
1091,Marketing,517194,2025-01-31
1091,Maintenance,187677,2025-01-31
1092,Staff,217978,2025-01-31
1092,Utilities,357717,2025-01-31
1092,Provision,589600,2025-01-31
1092,Marketing,570001,2025-01-31
1092,Maintenance,348522,2025-01-31
1093,Staff,574107,2025-01-31
1093,Utilities,402998,2025-01-31
1093,Provision,136870,2025-01-31
1093,Marketing,305780,2025-01-31
1093,Maintenance,28343,2025-01-31
1094,Staff,462484,2025-01-31
1094,Utilities,421948,2025-01-31
1094,Provision,580998,2025-01-31
1094,Marketing,165184,2025-01-31
1094,Maintenance,326554,2025-01-31
1095,Staff,449453,2025-01-31
1095,Utilities,209977,2025-01-31
1095,Provision,214958,2025-01-31
1095,Marketing,384597,2025-01-31
1095,Maintenance,405615,2025-01-31
1096,Staff,214793,2025-01-31
1096,Utilities,531882,2025-01-31
1096,Provision,466748,2025-01-31
1096,Marketing,80182,2025-01-31
1096,Maintenance,467529,2025-01-31
1097,Staff,349747,2025-01-31
1097,Utilities,402295,2025-01-31
1097,Provision,197517,2025-01-31
1097,Marketing,599124,2025-01-31
1097,Maintenance,224412,2025-01-31
1098,Staff,13390,2025-01-31
1098,Utilities,37682,2025-01-31
1098,Provision,481992,2025-01-31
1098,Marketing,461887,2025-01-31
1098,Maintenance,545574,2025-01-31
1099,Staff,357758,2025-01-31
1099,Utilities,54776,2025-01-31
1099,Provision,20924,2025-01-31
1099,Marketing,286684,2025-01-31
1099,Maintenance,23027,2025-01-31
1100,Staff,367491,2025-01-31
1100,Utilities,237288,2025-01-31
1100,Provision,121662,2025-01-31
1100,Marketing,322786,2025-01-31
1100,Maintenance,298744,2025-01-31
1001,Staff,577822,2025-03-02
1001,Utilities,349493,2025-03-02
1001,Provision,232094,2025-03-02
1001,Marketing,432351,2025-03-02
1001,Maintenance,159576,2025-03-02
1002,Staff,468697,2025-03-02
1002,Utilities,48163,2025-03-02
1002,Provision,177037,2025-03-02
1002,Marketing,447776,2025-03-02
1002,Maintenance,503997,2025-03-02
1003,Staff,597031,2025-03-02
1003,Utilities,233435,2025-03-02
1003,Provision,393834,2025-03-02
1003,Marketing,463745,2025-03-02
1003,Maintenance,598889,2025-03-02
1004,Staff,74973,2025-03-02
1004,Utilities,372223,2025-03-02
1004,Provision,300647,2025-03-02
1004,Marketing,561902,2025-03-02
1004,Maintenance,299844,2025-03-02
1005,Staff,179830,2025-03-02
1005,Utilities,40752,2025-03-02
1005,Provision,313160,2025-03-02
1005,Marketing,243431,2025-03-02
1005,Maintenance,331299,2025-03-02
1006,Staff,86154,2025-03-02
1006,Utilities,172457,2025-03-02
1006,Provision,351185,2025-03-02
1006,Marketing,543821,2025-03-02
1006,Maintenance,527204,2025-03-02
1007,Staff,398279,2025-03-02
1007,Utilities,340692,2025-03-02
1007,Provision,346206,2025-03-02
1007,Marketing,179007,2025-03-02
1007,Maintenance,191420,2025-03-02
1008,Staff,34036,2025-03-02
1008,Utilities,191683,2025-03-02
1008,Provision,516103,2025-03-02
1008,Marketing,155217,2025-03-02
1008,Maintenance,376877,2025-03-02
1009,Staff,473179,2025-03-02
1009,Utilities,425847,2025-03-02
1009,Provision,480442,2025-03-02
1009,Marketing,161100,2025-03-02
1009,Maintenance,387201,2025-03-02
1010,Staff,498110,2025-03-02
1010,Utilities,396638,2025-03-02
1010,Provision,309881,2025-03-02
1010,Marketing,300637,2025-03-02
1010,Maintenance,86169,2025-03-02
1011,Staff,175623,2025-03-02
1011,Utilities,34077,2025-03-02
1011,Provision,169299,2025-03-02
1011,Marketing,562340,2025-03-02
1011,Maintenance,446873,2025-03-02
1012,Staff,496717,2025-03-02
1012,Utilities,49260,2025-03-02
1012,Provision,409727,2025-03-02
1012,Marketing,65633,2025-03-02
1012,Maintenance,251604,2025-03-02
1013,Staff,323716,2025-03-02
1013,Utilities,301013,2025-03-02
1013,Provision,267684,2025-03-02
1013,Marketing,260776,2025-03-02
1013,Maintenance,237517,2025-03-02
1014,Staff,86060,2025-03-02
1014,Utilities,140941,2025-03-02
1014,Provision,570346,2025-03-02
1014,Marketing,545616,2025-03-02
1014,Maintenance,433126,2025-03-02
1015,Staff,418885,2025-03-02
1015,Utilities,68926,2025-03-02
1015,Provision,10491,2025-03-02
1015,Marketing,77407,2025-03-02
1015,Maintenance,275670,2025-03-02
1016,Staff,503740,2025-03-02
1016,Utilities,474780,2025-03-02
1016,Provision,168557,2025-03-02
1016,Marketing,163822,2025-03-02
1016,Maintenance,168179,2025-03-02
1017,Staff,583612,2025-03-02
1017,Utilities,502587,2025-03-02
1017,Provision,203297,2025-03-02
1017,Marketing,22200,2025-03-02
1017,Maintenance,78267,2025-03-02
1018,Staff,413591,2025-03-02
1018,Utilities,374133,2025-03-02
1018,Provision,154501,2025-03-02
1018,Marketing,117255,2025-03-02
1018,Maintenance,586895,2025-03-02
1019,Staff,331199,2025-03-02
1019,Utilities,424021,2025-03-02
1019,Provision,579411,2025-03-02
1019,Marketing,86129,2025-03-02
1019,Maintenance,391255,2025-03-02
1020,Staff,73341,2025-03-02
1020,Utilities,360134,2025-03-02
1020,Provision,388721,2025-03-02
1020,Marketing,319053,2025-03-02
1020,Maintenance,239634,2025-03-02
1021,Staff,469779,2025-03-02
1021,Utilities,97303,2025-03-02
1021,Provision,329654,2025-03-02
1021,Marketing,157277,2025-03-02
1021,Maintenance,442694,2025-03-02
1022,Staff,144112,2025-03-02
1022,Utilities,250835,2025-03-02
1022,Provision,462088,2025-03-02
1022,Marketing,426301,2025-03-02
1022,Maintenance,51773,2025-03-02
1023,Staff,274681,2025-03-02
1023,Utilities,351832,2025-03-02
1023,Provision,471567,2025-03-02
1023,Marketing,375209,2025-03-02
1023,Maintenance,415766,2025-03-02
1024,Staff,326929,2025-03-02
1024,Utilities,106871,2025-03-02
1024,Provision,557898,2025-03-02
1024,Marketing,359631,2025-03-02
1024,Maintenance,491400,2025-03-02
1025,Staff,21304,2025-03-02
1025,Utilities,241537,2025-03-02
1025,Provision,275629,2025-03-02
1025,Marketing,321450,2025-03-02
1025,Maintenance,199699,2025-03-02
1026,Staff,118132,2025-03-02
1026,Utilities,128028,2025-03-02
1026,Provision,38255,2025-03-02
1026,Marketing,291006,2025-03-02
1026,Maintenance,91168,2025-03-02
1027,Staff,91413,2025-03-02
1027,Utilities,390838,2025-03-02
1027,Provision,18502,2025-03-02
1027,Marketing,211998,2025-03-02
1027,Maintenance,341337,2025-03-02
1028,Staff,518274,2025-03-02
1028,Utilities,592038,2025-03-02
1028,Provision,361307,2025-03-02
1028,Marketing,61970,2025-03-02
1028,Maintenance,559405,2025-03-02
1029,Staff,401320,2025-03-02
1029,Utilities,385787,2025-03-02
1029,Provision,123652,2025-03-02
1029,Marketing,62786,2025-03-02
1029,Maintenance,271211,2025-03-02
1030,Staff,60436,2025-03-02
1030,Utilities,481878,2025-03-02
1030,Provision,240803,2025-03-02
1030,Marketing,575828,2025-03-02
1030,Maintenance,50617,2025-03-02
1031,Staff,59858,2025-03-02
1031,Utilities,477681,2025-03-02
1031,Provision,550923,2025-03-02
1031,Marketing,239454,2025-03-02
1031,Maintenance,586084,2025-03-02
1032,Staff,96682,2025-03-02
1032,Utilities,265853,2025-03-02
1032,Provision,374647,2025-03-02
1032,Marketing,237324,2025-03-02
1032,Maintenance,467562,2025-03-02
1033,Staff,567607,2025-03-02
1033,Utilities,350556,2025-03-02
1033,Provision,374695,2025-03-02
1033,Marketing,155390,2025-03-02
1033,Maintenance,567237,2025-03-02
1034,Staff,598721,2025-03-02
1034,Utilities,478855,2025-03-02
1034,Provision,382965,2025-03-02
1034,Marketing,379542,2025-03-02
1034,Maintenance,300954,2025-03-02
1035,Staff,316348,2025-03-02
1035,Utilities,266287,2025-03-02
1035,Provision,305630,2025-03-02
1035,Marketing,314305,2025-03-02
1035,Maintenance,478850,2025-03-02
1036,Staff,191669,2025-03-02
1036,Utilities,183720,2025-03-02
1036,Provision,23631,2025-03-02
1036,Marketing,298429,2025-03-02
1036,Maintenance,333358,2025-03-02
1037,Staff,294293,2025-03-02
1037,Utilities,560484,2025-03-02
1037,Provision,119395,2025-03-02
1037,Marketing,194243,2025-03-02
1037,Maintenance,386116,2025-03-02
1038,Staff,425023,2025-03-02
1038,Utilities,330062,2025-03-02
1038,Provision,202020,2025-03-02
1038,Marketing,490403,2025-03-02
1038,Maintenance,298706,2025-03-02
1039,Staff,97750,2025-03-02
1039,Utilities,71547,2025-03-02
1039,Provision,199326,2025-03-02
1039,Marketing,281480,2025-03-02
1039,Maintenance,142242,2025-03-02
1040,Staff,492213,2025-03-02
1040,Utilities,539436,2025-03-02
1040,Provision,400065,2025-03-02
1040,Marketing,218948,2025-03-02
1040,Maintenance,166041,2025-03-02
1041,Staff,179638,2025-03-02
1041,Utilities,366941,2025-03-02
1041,Provision,107867,2025-03-02
1041,Marketing,237702,2025-03-02
1041,Maintenance,417057,2025-03-02
1042,Staff,303222,2025-03-02
1042,Utilities,435371,2025-03-02
1042,Provision,222730,2025-03-02
1042,Marketing,97391,2025-03-02
1042,Maintenance,277856,2025-03-02
1043,Staff,476738,2025-03-02
1043,Utilities,201996,2025-03-02
1043,Provision,288362,2025-03-02
1043,Marketing,424491,2025-03-02
1043,Maintenance,287216,2025-03-02
1044,Staff,177157,2025-03-02
1044,Utilities,495960,2025-03-02
1044,Provision,126977,2025-03-02
1044,Marketing,476169,2025-03-02
1044,Maintenance,50719,2025-03-02
1045,Staff,18476,2025-03-02
1045,Utilities,298291,2025-03-02
1045,Provision,291157,2025-03-02
1045,Marketing,454077,2025-03-02
1045,Maintenance,396652,2025-03-02
1046,Staff,414976,2025-03-02
1046,Utilities,51505,2025-03-02
1046,Provision,320196,2025-03-02
1046,Marketing,230491,2025-03-02
1046,Maintenance,513244,2025-03-02
1047,Staff,120013,2025-03-02
1047,Utilities,492263,2025-03-02
1047,Provision,192238,2025-03-02
1047,Marketing,168700,2025-03-02
1047,Maintenance,482814,2025-03-02
1048,Staff,17854,2025-03-02
1048,Utilities,468738,2025-03-02
1048,Provision,176298,2025-03-02
1048,Marketing,380054,2025-03-02
1048,Maintenance,163535,2025-03-02
1049,Staff,566808,2025-03-02
1049,Utilities,96522,2025-03-02
1049,Provision,270332,2025-03-02
1049,Marketing,119180,2025-03-02
1049,Maintenance,149386,2025-03-02
1050,Staff,318107,2025-03-02
1050,Utilities,230549,2025-03-02
1050,Provision,84289,2025-03-02
1050,Marketing,467506,2025-03-02
1050,Maintenance,536798,2025-03-02
1051,Staff,460497,2025-03-02
1051,Utilities,310228,2025-03-02
1051,Provision,321906,2025-03-02
1051,Marketing,330943,2025-03-02
1051,Maintenance,532177,2025-03-02
1052,Staff,383688,2025-03-02
1052,Utilities,185509,2025-03-02
1052,Provision,239350,2025-03-02
1052,Marketing,104746,2025-03-02
1052,Maintenance,117813,2025-03-02
1053,Staff,168232,2025-03-02
1053,Utilities,79328,2025-03-02
1053,Provision,592508,2025-03-02
1053,Marketing,265210,2025-03-02
1053,Maintenance,297386,2025-03-02
1054,Staff,514640,2025-03-02
1054,Utilities,478575,2025-03-02
1054,Provision,280381,2025-03-02
1054,Marketing,330644,2025-03-02
1054,Maintenance,410321,2025-03-02
1055,Staff,14064,2025-03-02
1055,Utilities,28835,2025-03-02
1055,Provision,598062,2025-03-02
1055,Marketing,337263,2025-03-02
1055,Maintenance,417086,2025-03-02
1056,Staff,55142,2025-03-02
1056,Utilities,343745,2025-03-02
1056,Provision,288532,2025-03-02
1056,Marketing,315749,2025-03-02
1056,Maintenance,450131,2025-03-02
1057,Staff,63074,2025-03-02
1057,Utilities,77578,2025-03-02
1057,Provision,192532,2025-03-02
1057,Marketing,230373,2025-03-02
1057,Maintenance,308339,2025-03-02
1058,Staff,303192,2025-03-02
1058,Utilities,55879,2025-03-02
1058,Provision,98619,2025-03-02
1058,Marketing,495588,2025-03-02
1058,Maintenance,499744,2025-03-02
1059,Staff,378771,2025-03-02
1059,Utilities,61420,2025-03-02
1059,Provision,17795,2025-03-02
1059,Marketing,93633,2025-03-02
1059,Maintenance,525515,2025-03-02
1060,Staff,83688,2025-03-02
1060,Utilities,162363,2025-03-02
1060,Provision,393261,2025-03-02
1060,Marketing,451547,2025-03-02
1060,Maintenance,150387,2025-03-02
1061,Staff,205650,2025-03-02
1061,Utilities,521940,2025-03-02
1061,Provision,320035,2025-03-02
1061,Marketing,320387,2025-03-02
1061,Maintenance,114964,2025-03-02
1062,Staff,387929,2025-03-02
1062,Utilities,340448,2025-03-02
1062,Provision,423766,2025-03-02
1062,Marketing,230964,2025-03-02
1062,Maintenance,323223,2025-03-02
1063,Staff,196942,2025-03-02
1063,Utilities,563764,2025-03-02
1063,Provision,312924,2025-03-02
1063,Marketing,241621,2025-03-02
1063,Maintenance,141842,2025-03-02
1064,Staff,386153,2025-03-02
1064,Utilities,210156,2025-03-02
1064,Provision,169688,2025-03-02
1064,Marketing,114446,2025-03-02
1064,Maintenance,150353,2025-03-02
1065,Staff,316803,2025-03-02
1065,Utilities,514356,2025-03-02
1065,Provision,235435,2025-03-02
1065,Marketing,264060,2025-03-02
1065,Maintenance,329637,2025-03-02
1066,Staff,155221,2025-03-02
1066,Utilities,281144,2025-03-02
1066,Provision,98849,2025-03-02
1066,Marketing,248065,2025-03-02
1066,Maintenance,281222,2025-03-02
1067,Staff,407387,2025-03-02
1067,Utilities,499188,2025-03-02
1067,Provision,234946,2025-03-02
1067,Marketing,328762,2025-03-02
1067,Maintenance,389461,2025-03-02
1068,Staff,301077,2025-03-02
1068,Utilities,447327,2025-03-02
1068,Provision,242908,2025-03-02
1068,Marketing,561800,2025-03-02
1068,Maintenance,271875,2025-03-02
1069,Staff,155686,2025-03-02
1069,Utilities,287450,2025-03-02
1069,Provision,301918,2025-03-02
1069,Marketing,33006,2025-03-02
1069,Maintenance,348657,2025-03-02
1070,Staff,193073,2025-03-02
1070,Utilities,291882,2025-03-02
1070,Provision,391339,2025-03-02
1070,Marketing,25899,2025-03-02
1070,Maintenance,425330,2025-03-02
1071,Staff,417826,2025-03-02
1071,Utilities,153089,2025-03-02
1071,Provision,267777,2025-03-02
1071,Marketing,531749,2025-03-02
1071,Maintenance,343359,2025-03-02
1072,Staff,390523,2025-03-02
1072,Utilities,60251,2025-03-02
1072,Provision,227683,2025-03-02
1072,Marketing,90370,2025-03-02
1072,Maintenance,348498,2025-03-02
1073,Staff,557858,2025-03-02
1073,Utilities,135051,2025-03-02
1073,Provision,393469,2025-03-02
1073,Marketing,542659,2025-03-02
1073,Maintenance,358952,2025-03-02
1074,Staff,230375,2025-03-02
1074,Utilities,530004,2025-03-02
1074,Provision,290218,2025-03-02
1074,Marketing,465313,2025-03-02
1074,Maintenance,247033,2025-03-02
1075,Staff,178538,2025-03-02
1075,Utilities,392845,2025-03-02
1075,Provision,538483,2025-03-02
1075,Marketing,105633,2025-03-02
1075,Maintenance,110190,2025-03-02
1076,Staff,584710,2025-03-02
1076,Utilities,48717,2025-03-02
1076,Provision,80251,2025-03-02
1076,Marketing,556256,2025-03-02
1076,Maintenance,223585,2025-03-02
1077,Staff,305214,2025-03-02
1077,Utilities,423647,2025-03-02
1077,Provision,576415,2025-03-02
1077,Marketing,573747,2025-03-02
1077,Maintenance,389919,2025-03-02
1078,Staff,415802,2025-03-02
1078,Utilities,43776,2025-03-02
1078,Provision,21567,2025-03-02
1078,Marketing,492607,2025-03-02
1078,Maintenance,576610,2025-03-02
1079,Staff,182202,2025-03-02
1079,Utilities,538657,2025-03-02
1079,Provision,189468,2025-03-02
1079,Marketing,549139,2025-03-02
1079,Maintenance,595094,2025-03-02
1080,Staff,142073,2025-03-02
1080,Utilities,558313,2025-03-02
1080,Provision,555664,2025-03-02
1080,Marketing,192984,2025-03-02
1080,Maintenance,447109,2025-03-02
1081,Staff,327811,2025-03-02
1081,Utilities,397295,2025-03-02
1081,Provision,133352,2025-03-02
1081,Marketing,261220,2025-03-02
1081,Maintenance,471449,2025-03-02
1082,Staff,575673,2025-03-02
1082,Utilities,529645,2025-03-02
1082,Provision,358697,2025-03-02
1082,Marketing,375682,2025-03-02
1082,Maintenance,340219,2025-03-02
1083,Staff,49978,2025-03-02
1083,Utilities,594424,2025-03-02
1083,Provision,538870,2025-03-02
1083,Marketing,45109,2025-03-02
1083,Maintenance,279987,2025-03-02
1084,Staff,526815,2025-03-02
1084,Utilities,190280,2025-03-02
1084,Provision,180598,2025-03-02
1084,Marketing,264042,2025-03-02
1084,Maintenance,239083,2025-03-02
1085,Staff,428947,2025-03-02
1085,Utilities,271869,2025-03-02
1085,Provision,310958,2025-03-02
1085,Marketing,102114,2025-03-02
1085,Maintenance,348249,2025-03-02
1086,Staff,141826,2025-03-02
1086,Utilities,530902,2025-03-02
1086,Provision,199670,2025-03-02
1086,Marketing,44028,2025-03-02
1086,Maintenance,198997,2025-03-02
1087,Staff,459421,2025-03-02
1087,Utilities,49439,2025-03-02
1087,Provision,439050,2025-03-02
1087,Marketing,448370,2025-03-02
1087,Maintenance,362837,2025-03-02
1088,Staff,363446,2025-03-02
1088,Utilities,511310,2025-03-02
1088,Provision,171866,2025-03-02
1088,Marketing,229911,2025-03-02
1088,Maintenance,371619,2025-03-02
1089,Staff,165970,2025-03-02
1089,Utilities,436628,2025-03-02
1089,Provision,195155,2025-03-02
1089,Marketing,82595,2025-03-02
1089,Maintenance,21360,2025-03-02
1090,Staff,57577,2025-03-02
1090,Utilities,29795,2025-03-02
1090,Provision,122622,2025-03-02
1090,Marketing,270050,2025-03-02
1090,Maintenance,535825,2025-03-02
1091,Staff,126290,2025-03-02
1091,Utilities,369987,2025-03-02
1091,Provision,376865,2025-03-02
1091,Marketing,139821,2025-03-02
1091,Maintenance,599492,2025-03-02
1092,Staff,58415,2025-03-02
1092,Utilities,536328,2025-03-02
1092,Provision,374811,2025-03-02
1092,Marketing,270400,2025-03-02
1092,Maintenance,24742,2025-03-02
1093,Staff,352231,2025-03-02
1093,Utilities,566183,2025-03-02
1093,Provision,518538,2025-03-02
1093,Marketing,82826,2025-03-02
1093,Maintenance,362606,2025-03-02
1094,Staff,367131,2025-03-02
1094,Utilities,412945,2025-03-02
1094,Provision,446796,2025-03-02
1094,Marketing,187864,2025-03-02
1094,Maintenance,578456,2025-03-02
1095,Staff,342800,2025-03-02
1095,Utilities,242547,2025-03-02
1095,Provision,401847,2025-03-02
1095,Marketing,121928,2025-03-02
1095,Maintenance,392688,2025-03-02
1096,Staff,326008,2025-03-02
1096,Utilities,543042,2025-03-02
1096,Provision,482137,2025-03-02
1096,Marketing,312696,2025-03-02
1096,Maintenance,308513,2025-03-02
1097,Staff,478551,2025-03-02
1097,Utilities,539662,2025-03-02
1097,Provision,111564,2025-03-02
1097,Marketing,515089,2025-03-02
1097,Maintenance,180017,2025-03-02
1098,Staff,476779,2025-03-02
1098,Utilities,415360,2025-03-02
1098,Provision,26466,2025-03-02
1098,Marketing,469231,2025-03-02
1098,Maintenance,117962,2025-03-02
1099,Staff,266683,2025-03-02
1099,Utilities,280600,2025-03-02
1099,Provision,516842,2025-03-02
1099,Marketing,83929,2025-03-02
1099,Maintenance,303528,2025-03-02
1100,Staff,301730,2025-03-02
1100,Utilities,74944,2025-03-02
1100,Provision,378095,2025-03-02
1100,Marketing,569788,2025-03-02
1100,Maintenance,377394,2025-03-02
