Expense_ID,Branch_ID,Expense_Type,Amount,Date
E00001,1001,Staff Salaries,457568,2025-01-01
E00002,1001,Utilities,167969,2025-01-01
E00003,1001,Provision Reserve,49098,2025-01-01
E00004,1001,Maintenance,141415,2025-01-01
E00005,1001,Marketing,50638,2025-01-01
E00006,1002,Staff Salaries,114201,2025-01-01
E00007,1002,Utilities,259885,2025-01-01
E00008,1002,Provision Reserve,277467,2025-01-01
E00009,1002,Maintenance,251758,2025-01-01
E00010,1002,Marketing,379303,2025-01-01
E00011,1003,Staff Salaries,365467,2025-01-01
E00012,1003,Utilities,474860,2025-01-01
E00013,1003,Provision Reserve,422185,2025-01-01
E00014,1003,Maintenance,234769,2025-01-01
E00015,1003,Marketing,30237,2025-01-01
E00016,1004,Staff Salaries,312112,2025-01-01
E00017,1004,Utilities,352917,2025-01-01
E00018,1004,Provision Reserve,400386,2025-01-01
E00019,1004,Maintenance,356225,2025-01-01
E00020,1004,Marketing,163984,2025-01-01
E00021,1005,Staff Salaries,381143,2025-01-01
E00022,1005,Utilities,91174,2025-01-01
E00023,1005,Provision Reserve,98305,2025-01-01
E00024,1005,Maintenance,198751,2025-01-01
E00025,1005,Marketing,224203,2025-01-01
E00026,1006,Staff Salaries,172851,2025-01-01
E00027,1006,Utilities,215377,2025-01-01
E00028,1006,Provision Reserve,393953,2025-01-01
E00029,1006,Maintenance,271066,2025-01-01
E00030,1006,Marketing,218624,2025-01-01
E00031,1007,Staff Salaries,63755,2025-01-01
E00032,1007,Utilities,134613,2025-01-01
E00033,1007,Provision Reserve,473328,2025-01-01
E00034,1007,Maintenance,273789,2025-01-01
E00035,1007,Marketing,297193,2025-01-01
E00036,1008,Staff Salaries,351830,2025-01-01
E00037,1008,Utilities,488809,2025-01-01
E00038,1008,Provision Reserve,181193,2025-01-01
E00039,1008,Maintenance,480170,2025-01-01
E00040,1008,Marketing,443615,2025-01-01
E00041,1009,Staff Salaries,301273,2025-01-01
E00042,1009,Utilities,483772,2025-01-01
E00043,1009,Provision Reserve,384509,2025-01-01
E00044,1009,Maintenance,190271,2025-01-01
E00045,1009,Marketing,204102,2025-01-01
E00046,1010,Staff Salaries,454790,2025-01-01
E00047,1010,Utilities,286193,2025-01-01
E00048,1010,Provision Reserve,112142,2025-01-01
E00049,1010,Maintenance,319062,2025-01-01
E00050,1010,Marketing,297785,2025-01-01
E00051,1011,Staff Salaries,434404,2025-01-01
E00052,1011,Utilities,225376,2025-01-01
E00053,1011,Provision Reserve,354532,2025-01-01
E00054,1011,Maintenance,233079,2025-01-01
E00055,1011,Marketing,50288,2025-01-01
E00056,1012,Staff Salaries,213479,2025-01-01
E00057,1012,Utilities,282387,2025-01-01
E00058,1012,Provision Reserve,136610,2025-01-01
E00059,1012,Maintenance,312444,2025-01-01
E00060,1012,Marketing,230464,2025-01-01
E00061,1013,Staff Salaries,28109,2025-01-01
E00062,1013,Utilities,303864,2025-01-01
E00063,1013,Provision Reserve,221154,2025-01-01
E00064,1013,Maintenance,231013,2025-01-01
E00065,1013,Marketing,428139,2025-01-01
E00066,1014,Staff Salaries,18750,2025-01-01
E00067,1014,Utilities,36150,2025-01-01
E00068,1014,Provision Reserve,451783,2025-01-01
E00069,1014,Maintenance,160590,2025-01-01
E00070,1014,Marketing,339515,2025-01-01
E00071,1015,Staff Salaries,130659,2025-01-01
E00072,1015,Utilities,230390,2025-01-01
E00073,1015,Provision Reserve,289793,2025-01-01
E00074,1015,Maintenance,158183,2025-01-01
E00075,1015,Marketing,259776,2025-01-01
E00076,1016,Staff Salaries,71241,2025-01-01
E00077,1016,Utilities,210167,2025-01-01
E00078,1016,Provision Reserve,313248,2025-01-01
E00079,1016,Maintenance,10385,2025-01-01
E00080,1016,Marketing,180362,2025-01-01
E00081,1017,Staff Salaries,423304,2025-01-01
E00082,1017,Utilities,68178,2025-01-01
E00083,1017,Provision Reserve,219911,2025-01-01
E00084,1017,Maintenance,311277,2025-01-01
E00085,1017,Marketing,275235,2025-01-01
E00086,1018,Staff Salaries,431220,2025-01-01
E00087,1018,Utilities,25326,2025-01-01
E00088,1018,Provision Reserve,89791,2025-01-01
E00089,1018,Maintenance,377825,2025-01-01
E00090,1018,Marketing,453018,2025-01-01
E00091,1019,Staff Salaries,78096,2025-01-01
E00092,1019,Utilities,427621,2025-01-01
E00093,1019,Provision Reserve,253294,2025-01-01
E00094,1019,Maintenance,172590,2025-01-01
E00095,1019,Marketing,196310,2025-01-01
E00096,1020,Staff Salaries,217924,2025-01-01
E00097,1020,Utilities,73896,2025-01-01
E00098,1020,Provision Reserve,320220,2025-01-01
E00099,1020,Maintenance,222937,2025-01-01
E00100,1020,Marketing,278601,2025-01-01
E00101,1021,Staff Salaries,341823,2025-01-01
E00102,1021,Utilities,87781,2025-01-01
E00103,1021,Provision Reserve,14818,2025-01-01
E00104,1021,Maintenance,202311,2025-01-01
E00105,1021,Marketing,378133,2025-01-01
E00106,1022,Staff Salaries,438440,2025-01-01
E00107,1022,Utilities,381102,2025-01-01
E00108,1022,Provision Reserve,222823,2025-01-01
E00109,1022,Maintenance,57853,2025-01-01
E00110,1022,Marketing,391121,2025-01-01
E00111,1023,Staff Salaries,59089,2025-01-01
E00112,1023,Utilities,49390,2025-01-01
E00113,1023,Provision Reserve,400621,2025-01-01
E00114,1023,Maintenance,434593,2025-01-01
E00115,1023,Marketing,203981,2025-01-01
E00116,1024,Staff Salaries,124114,2025-01-01
E00117,1024,Utilities,186660,2025-01-01
E00118,1024,Provision Reserve,375951,2025-01-01
E00119,1024,Maintenance,31613,2025-01-01
E00120,1024,Marketing,174031,2025-01-01
E00121,1025,Staff Salaries,173943,2025-01-01
E00122,1025,Utilities,479488,2025-01-01
E00123,1025,Provision Reserve,239554,2025-01-01
E00124,1025,Maintenance,350159,2025-01-01
E00125,1025,Marketing,76198,2025-01-01
E00126,1026,Staff Salaries,163360,2025-01-01
E00127,1026,Utilities,52543,2025-01-01
E00128,1026,Provision Reserve,262274,2025-01-01
E00129,1026,Maintenance,378837,2025-01-01
E00130,1026,Marketing,475261,2025-01-01
E00131,1027,Staff Salaries,234561,2025-01-01
E00132,1027,Utilities,160651,2025-01-01
E00133,1027,Provision Reserve,127994,2025-01-01
E00134,1027,Maintenance,283123,2025-01-01
E00135,1027,Marketing,218404,2025-01-01
E00136,1028,Staff Salaries,487545,2025-01-01
E00137,1028,Utilities,253987,2025-01-01
E00138,1028,Provision Reserve,455578,2025-01-01
E00139,1028,Maintenance,431119,2025-01-01
E00140,1028,Marketing,34228,2025-01-01
E00141,1029,Staff Salaries,71620,2025-01-01
E00142,1029,Utilities,50959,2025-01-01
E00143,1029,Provision Reserve,371654,2025-01-01
E00144,1029,Maintenance,403689,2025-01-01
E00145,1029,Marketing,11509,2025-01-01
E00146,1030,Staff Salaries,469183,2025-01-01
E00147,1030,Utilities,50169,2025-01-01
E00148,1030,Provision Reserve,108556,2025-01-01
E00149,1030,Maintenance,143925,2025-01-01
E00150,1030,Marketing,456634,2025-01-01
E00151,1031,Staff Salaries,396582,2025-01-01
E00152,1031,Utilities,425947,2025-01-01
E00153,1031,Provision Reserve,209536,2025-01-01
E00154,1031,Maintenance,333027,2025-01-01
E00155,1031,Marketing,110111,2025-01-01
E00156,1032,Staff Salaries,433382,2025-01-01
E00157,1032,Utilities,157083,2025-01-01
E00158,1032,Provision Reserve,145479,2025-01-01
E00159,1032,Maintenance,62495,2025-01-01
E00160,1032,Marketing,404468,2025-01-01
E00161,1033,Staff Salaries,134136,2025-01-01
E00162,1033,Utilities,114991,2025-01-01
E00163,1033,Provision Reserve,146402,2025-01-01
E00164,1033,Maintenance,329543,2025-01-01
E00165,1033,Marketing,333979,2025-01-01
E00166,1034,Staff Salaries,283160,2025-01-01
E00167,1034,Utilities,180113,2025-01-01
E00168,1034,Provision Reserve,17548,2025-01-01
E00169,1034,Maintenance,213810,2025-01-01
E00170,1034,Marketing,411084,2025-01-01
E00171,1035,Staff Salaries,48586,2025-01-01
E00172,1035,Utilities,233250,2025-01-01
E00173,1035,Provision Reserve,362838,2025-01-01
E00174,1035,Maintenance,361796,2025-01-01
E00175,1035,Marketing,81073,2025-01-01
E00176,1036,Staff Salaries,427697,2025-01-01
E00177,1036,Utilities,324240,2025-01-01
E00178,1036,Provision Reserve,271468,2025-01-01
E00179,1036,Maintenance,152471,2025-01-01
E00180,1036,Marketing,442312,2025-01-01
E00181,1037,Staff Salaries,85875,2025-01-01
E00182,1037,Utilities,305397,2025-01-01
E00183,1037,Provision Reserve,436812,2025-01-01
E00184,1037,Maintenance,50781,2025-01-01
E00185,1037,Marketing,264709,2025-01-01
E00186,1038,Staff Salaries,77644,2025-01-01
E00187,1038,Utilities,294133,2025-01-01
E00188,1038,Provision Reserve,186444,2025-01-01
E00189,1038,Maintenance,165993,2025-01-01
E00190,1038,Marketing,148679,2025-01-01
E00191,1039,Staff Salaries,400837,2025-01-01
E00192,1039,Utilities,102771,2025-01-01
E00193,1039,Provision Reserve,404948,2025-01-01
E00194,1039,Maintenance,461900,2025-01-01
E00195,1039,Marketing,147072,2025-01-01
E00196,1040,Staff Salaries,295220,2025-01-01
E00197,1040,Utilities,343865,2025-01-01
E00198,1040,Provision Reserve,104949,2025-01-01
E00199,1040,Maintenance,212495,2025-01-01
E00200,1040,Marketing,306783,2025-01-01
E00201,1041,Staff Salaries,39691,2025-01-01
E00202,1041,Utilities,309614,2025-01-01
E00203,1041,Provision Reserve,401163,2025-01-01
E00204,1041,Maintenance,475857,2025-01-01
E00205,1041,Marketing,138105,2025-01-01
E00206,1042,Staff Salaries,325204,2025-01-01
E00207,1042,Utilities,98167,2025-01-01
E00208,1042,Provision Reserve,360610,2025-01-01
E00209,1042,Maintenance,157548,2025-01-01
E00210,1042,Marketing,49885,2025-01-01
E00211,1043,Staff Salaries,373531,2025-01-01
E00212,1043,Utilities,447661,2025-01-01
E00213,1043,Provision Reserve,64652,2025-01-01
E00214,1043,Maintenance,83563,2025-01-01
E00215,1043,Marketing,11071,2025-01-01
E00216,1044,Staff Salaries,231252,2025-01-01
E00217,1044,Utilities,443238,2025-01-01
E00218,1044,Provision Reserve,83393,2025-01-01
E00219,1044,Maintenance,257826,2025-01-01
E00220,1044,Marketing,204568,2025-01-01
E00221,1045,Staff Salaries,422889,2025-01-01
E00222,1045,Utilities,473799,2025-01-01
E00223,1045,Provision Reserve,96546,2025-01-01
E00224,1045,Maintenance,326455,2025-01-01
E00225,1045,Marketing,292113,2025-01-01
E00226,1046,Staff Salaries,217330,2025-01-01
E00227,1046,Utilities,309238,2025-01-01
E00228,1046,Provision Reserve,161691,2025-01-01
E00229,1046,Maintenance,324227,2025-01-01
E00230,1046,Marketing,64056,2025-01-01
E00231,1047,Staff Salaries,165107,2025-01-01
E00232,1047,Utilities,228473,2025-01-01
E00233,1047,Provision Reserve,262429,2025-01-01
E00234,1047,Maintenance,242416,2025-01-01
E00235,1047,Marketing,408697,2025-01-01
E00236,1048,Staff Salaries,372769,2025-01-01
E00237,1048,Utilities,77438,2025-01-01
E00238,1048,Provision Reserve,102146,2025-01-01
E00239,1048,Maintenance,367156,2025-01-01
E00240,1048,Marketing,386094,2025-01-01
E00241,1049,Staff Salaries,368925,2025-01-01
E00242,1049,Utilities,14061,2025-01-01
E00243,1049,Provision Reserve,283451,2025-01-01
E00244,1049,Maintenance,201308,2025-01-01
E00245,1049,Marketing,360777,2025-01-01
E00246,1050,Staff Salaries,43531,2025-01-01
E00247,1050,Utilities,497997,2025-01-01
E00248,1050,Provision Reserve,461100,2025-01-01
E00249,1050,Maintenance,280284,2025-01-01
E00250,1050,Marketing,77825,2025-01-01
E00251,1051,Staff Salaries,71479,2025-01-01
E00252,1051,Utilities,136434,2025-01-01
E00253,1051,Provision Reserve,117796,2025-01-01
E00254,1051,Maintenance,112702,2025-01-01
E00255,1051,Marketing,408894,2025-01-01
E00256,1052,Staff Salaries,127654,2025-01-01
E00257,1052,Utilities,205722,2025-01-01
E00258,1052,Provision Reserve,110251,2025-01-01
E00259,1052,Maintenance,218669,2025-01-01
E00260,1052,Marketing,122258,2025-01-01
E00261,1053,Staff Salaries,341288,2025-01-01
E00262,1053,Utilities,269095,2025-01-01
E00263,1053,Provision Reserve,323277,2025-01-01
E00264,1053,Maintenance,51095,2025-01-01
E00265,1053,Marketing,419063,2025-01-01
E00266,1054,Staff Salaries,128958,2025-01-01
E00267,1054,Utilities,125192,2025-01-01
E00268,1054,Provision Reserve,304084,2025-01-01
E00269,1054,Maintenance,115594,2025-01-01
E00270,1054,Marketing,403156,2025-01-01
E00271,1055,Staff Salaries,255346,2025-01-01
E00272,1055,Utilities,361024,2025-01-01
E00273,1055,Provision Reserve,423614,2025-01-01
E00274,1055,Maintenance,111008,2025-01-01
E00275,1055,Marketing,492008,2025-01-01
E00276,1056,Staff Salaries,391266,2025-01-01
E00277,1056,Utilities,300663,2025-01-01
E00278,1056,Provision Reserve,366762,2025-01-01
E00279,1056,Maintenance,124686,2025-01-01
E00280,1056,Marketing,44474,2025-01-01
E00281,1057,Staff Salaries,197948,2025-01-01
E00282,1057,Utilities,250534,2025-01-01
E00283,1057,Provision Reserve,36336,2025-01-01
E00284,1057,Maintenance,221897,2025-01-01
E00285,1057,Marketing,264392,2025-01-01
E00286,1058,Staff Salaries,37799,2025-01-01
E00287,1058,Utilities,49472,2025-01-01
E00288,1058,Provision Reserve,77723,2025-01-01
E00289,1058,Maintenance,86557,2025-01-01
E00290,1058,Marketing,473165,2025-01-01
E00291,1059,Staff Salaries,443577,2025-01-01
E00292,1059,Utilities,149824,2025-01-01
E00293,1059,Provision Reserve,207942,2025-01-01
E00294,1059,Maintenance,396490,2025-01-01
E00295,1059,Marketing,104012,2025-01-01
E00296,1060,Staff Salaries,306040,2025-01-01
E00297,1060,Utilities,479185,2025-01-01
E00298,1060,Provision Reserve,197218,2025-01-01
E00299,1060,Maintenance,180230,2025-01-01
E00300,1060,Marketing,329305,2025-01-01
E00301,1061,Staff Salaries,254100,2025-01-01
E00302,1061,Utilities,374402,2025-01-01
E00303,1061,Provision Reserve,146175,2025-01-01
E00304,1061,Maintenance,70192,2025-01-01
E00305,1061,Marketing,488349,2025-01-01
E00306,1062,Staff Salaries,204884,2025-01-01
E00307,1062,Utilities,127215,2025-01-01
E00308,1062,Provision Reserve,376377,2025-01-01
E00309,1062,Maintenance,161474,2025-01-01
E00310,1062,Marketing,368521,2025-01-01
E00311,1063,Staff Salaries,247741,2025-01-01
E00312,1063,Utilities,16336,2025-01-01
E00313,1063,Provision Reserve,254305,2025-01-01
E00314,1063,Maintenance,209295,2025-01-01
E00315,1063,Marketing,425660,2025-01-01
E00316,1064,Staff Salaries,234838,2025-01-01
E00317,1064,Utilities,480312,2025-01-01
E00318,1064,Provision Reserve,340563,2025-01-01
E00319,1064,Maintenance,430080,2025-01-01
E00320,1064,Marketing,209902,2025-01-01
E00321,1065,Staff Salaries,15864,2025-01-01
E00322,1065,Utilities,297612,2025-01-01
E00323,1065,Provision Reserve,79002,2025-01-01
E00324,1065,Maintenance,184701,2025-01-01
E00325,1065,Marketing,474675,2025-01-01
E00326,1066,Staff Salaries,473459,2025-01-01
E00327,1066,Utilities,138993,2025-01-01
E00328,1066,Provision Reserve,341349,2025-01-01
E00329,1066,Maintenance,145869,2025-01-01
E00330,1066,Marketing,68873,2025-01-01
E00331,1067,Staff Salaries,130801,2025-01-01
E00332,1067,Utilities,184425,2025-01-01
E00333,1067,Provision Reserve,190880,2025-01-01
E00334,1067,Maintenance,445909,2025-01-01
E00335,1067,Marketing,330907,2025-01-01
E00336,1068,Staff Salaries,496736,2025-01-01
E00337,1068,Utilities,183703,2025-01-01
E00338,1068,Provision Reserve,113959,2025-01-01
E00339,1068,Maintenance,291041,2025-01-01
E00340,1068,Marketing,490879,2025-01-01
E00341,1069,Staff Salaries,350201,2025-01-01
E00342,1069,Utilities,225603,2025-01-01
E00343,1069,Provision Reserve,335737,2025-01-01
E00344,1069,Maintenance,257520,2025-01-01
E00345,1069,Marketing,29111,2025-01-01
E00346,1070,Staff Salaries,217163,2025-01-01
E00347,1070,Utilities,192530,2025-01-01
E00348,1070,Provision Reserve,395637,2025-01-01
E00349,1070,Maintenance,302749,2025-01-01
E00350,1070,Marketing,24299,2025-01-01
E00351,1071,Staff Salaries,131526,2025-01-01
E00352,1071,Utilities,279298,2025-01-01
E00353,1071,Provision Reserve,420639,2025-01-01
E00354,1071,Maintenance,293733,2025-01-01
E00355,1071,Marketing,391963,2025-01-01
E00356,1072,Staff Salaries,386135,2025-01-01
E00357,1072,Utilities,351455,2025-01-01
E00358,1072,Provision Reserve,243748,2025-01-01
E00359,1072,Maintenance,170069,2025-01-01
E00360,1072,Marketing,291488,2025-01-01
E00361,1073,Staff Salaries,176796,2025-01-01
E00362,1073,Utilities,106908,2025-01-01
E00363,1073,Provision Reserve,135461,2025-01-01
E00364,1073,Maintenance,125285,2025-01-01
E00365,1073,Marketing,189351,2025-01-01
E00366,1074,Staff Salaries,263991,2025-01-01
E00367,1074,Utilities,315544,2025-01-01
E00368,1074,Provision Reserve,285490,2025-01-01
E00369,1074,Maintenance,297055,2025-01-01
E00370,1074,Marketing,471873,2025-01-01
E00371,1075,Staff Salaries,483644,2025-01-01
E00372,1075,Utilities,385760,2025-01-01
E00373,1075,Provision Reserve,365491,2025-01-01
E00374,1075,Maintenance,457952,2025-01-01
E00375,1075,Marketing,310251,2025-01-01
E00376,1076,Staff Salaries,11403,2025-01-01
E00377,1076,Utilities,193082,2025-01-01
E00378,1076,Provision Reserve,207813,2025-01-01
E00379,1076,Maintenance,396002,2025-01-01
E00380,1076,Marketing,66572,2025-01-01
E00381,1077,Staff Salaries,223519,2025-01-01
E00382,1077,Utilities,163612,2025-01-01
E00383,1077,Provision Reserve,307853,2025-01-01
E00384,1077,Maintenance,178257,2025-01-01
E00385,1077,Marketing,159643,2025-01-01
E00386,1078,Staff Salaries,488432,2025-01-01
E00387,1078,Utilities,207428,2025-01-01
E00388,1078,Provision Reserve,115031,2025-01-01
E00389,1078,Maintenance,51510,2025-01-01
E00390,1078,Marketing,277313,2025-01-01
E00391,1079,Staff Salaries,132836,2025-01-01
E00392,1079,Utilities,186746,2025-01-01
E00393,1079,Provision Reserve,369539,2025-01-01
E00394,1079,Maintenance,54218,2025-01-01
E00395,1079,Marketing,35442,2025-01-01
E00396,1080,Staff Salaries,183993,2025-01-01
E00397,1080,Utilities,139576,2025-01-01
E00398,1080,Provision Reserve,400236,2025-01-01
E00399,1080,Maintenance,306968,2025-01-01
E00400,1080,Marketing,195388,2025-01-01
E00401,1081,Staff Salaries,153598,2025-01-01
E00402,1081,Utilities,252517,2025-01-01
E00403,1081,Provision Reserve,395799,2025-01-01
E00404,1081,Maintenance,57085,2025-01-01
E00405,1081,Marketing,270171,2025-01-01
E00406,1082,Staff Salaries,228745,2025-01-01
E00407,1082,Utilities,477588,2025-01-01
E00408,1082,Provision Reserve,119553,2025-01-01
E00409,1082,Maintenance,329796,2025-01-01
E00410,1082,Marketing,151043,2025-01-01
E00411,1083,Staff Salaries,59726,2025-01-01
E00412,1083,Utilities,69977,2025-01-01
E00413,1083,Provision Reserve,253864,2025-01-01
E00414,1083,Maintenance,438793,2025-01-01
E00415,1083,Marketing,249227,2025-01-01
E00416,1084,Staff Salaries,174651,2025-01-01
E00417,1084,Utilities,113591,2025-01-01
E00418,1084,Provision Reserve,260341,2025-01-01
E00419,1084,Maintenance,44051,2025-01-01
E00420,1084,Marketing,258254,2025-01-01
E00421,1085,Staff Salaries,49195,2025-01-01
E00422,1085,Utilities,344350,2025-01-01
E00423,1085,Provision Reserve,151461,2025-01-01
E00424,1085,Maintenance,474960,2025-01-01
E00425,1085,Marketing,32484,2025-01-01
E00426,1086,Staff Salaries,223195,2025-01-01
E00427,1086,Utilities,460261,2025-01-01
E00428,1086,Provision Reserve,193513,2025-01-01
E00429,1086,Maintenance,232953,2025-01-01
E00430,1086,Marketing,345186,2025-01-01
E00431,1087,Staff Salaries,140726,2025-01-01
E00432,1087,Utilities,72152,2025-01-01
E00433,1087,Provision Reserve,106810,2025-01-01
E00434,1087,Maintenance,379227,2025-01-01
E00435,1087,Marketing,253512,2025-01-01
E00436,1088,Staff Salaries,465296,2025-01-01
E00437,1088,Utilities,213084,2025-01-01
E00438,1088,Provision Reserve,282334,2025-01-01
E00439,1088,Maintenance,37345,2025-01-01
E00440,1088,Marketing,327571,2025-01-01
E00441,1089,Staff Salaries,32674,2025-01-01
E00442,1089,Utilities,124330,2025-01-01
E00443,1089,Provision Reserve,241302,2025-01-01
E00444,1089,Maintenance,46707,2025-01-01
E00445,1089,Marketing,188491,2025-01-01
E00446,1090,Staff Salaries,296722,2025-01-01
E00447,1090,Utilities,175584,2025-01-01
E00448,1090,Provision Reserve,348101,2025-01-01
E00449,1090,Maintenance,462189,2025-01-01
E00450,1090,Marketing,348490,2025-01-01
E00451,1091,Staff Salaries,308736,2025-01-01
E00452,1091,Utilities,43297,2025-01-01
E00453,1091,Provision Reserve,321550,2025-01-01
E00454,1091,Maintenance,60697,2025-01-01
E00455,1091,Marketing,298555,2025-01-01
E00456,1092,Staff Salaries,426230,2025-01-01
E00457,1092,Utilities,396076,2025-01-01
E00458,1092,Provision Reserve,179554,2025-01-01
E00459,1092,Maintenance,374785,2025-01-01
E00460,1092,Marketing,85581,2025-01-01
E00461,1093,Staff Salaries,108781,2025-01-01
E00462,1093,Utilities,144600,2025-01-01
E00463,1093,Provision Reserve,37578,2025-01-01
E00464,1093,Maintenance,312994,2025-01-01
E00465,1093,Marketing,484387,2025-01-01
E00466,1094,Staff Salaries,154981,2025-01-01
E00467,1094,Utilities,161660,2025-01-01
E00468,1094,Provision Reserve,393538,2025-01-01
E00469,1094,Maintenance,459175,2025-01-01
E00470,1094,Marketing,245602,2025-01-01
E00471,1095,Staff Salaries,22460,2025-01-01
E00472,1095,Utilities,172819,2025-01-01
E00473,1095,Provision Reserve,102611,2025-01-01
E00474,1095,Maintenance,228933,2025-01-01
E00475,1095,Marketing,260324,2025-01-01
E00476,1096,Staff Salaries,257716,2025-01-01
E00477,1096,Utilities,152805,2025-01-01
E00478,1096,Provision Reserve,51566,2025-01-01
E00479,1096,Maintenance,319325,2025-01-01
E00480,1096,Marketing,12632,2025-01-01
E00481,1097,Staff Salaries,22767,2025-01-01
E00482,1097,Utilities,90944,2025-01-01
E00483,1097,Provision Reserve,469819,2025-01-01
E00484,1097,Maintenance,148909,2025-01-01
E00485,1097,Marketing,50594,2025-01-01
E00486,1098,Staff Salaries,410506,2025-01-01
E00487,1098,Utilities,362158,2025-01-01
E00488,1098,Provision Reserve,433196,2025-01-01
E00489,1098,Maintenance,319392,2025-01-01
E00490,1098,Marketing,350989,2025-01-01
E00491,1099,Staff Salaries,491367,2025-01-01
E00492,1099,Utilities,442203,2025-01-01
E00493,1099,Provision Reserve,349871,2025-01-01
E00494,1099,Maintenance,449601,2025-01-01
E00495,1099,Marketing,172854,2025-01-01
E00496,1100,Staff Salaries,429332,2025-01-01
E00497,1100,Utilities,488270,2025-01-01
E00498,1100,Provision Reserve,49913,2025-01-01
E00499,1100,Maintenance,199934,2025-01-01
E00500,1100,Marketing,454894,2025-01-01
E00501,1001,Staff Salaries,469095,2025-01-31
E00502,1001,Utilities,309980,2025-01-31
E00503,1001,Provision Reserve,260735,2025-01-31
E00504,1001,Maintenance,158146,2025-01-31
E00505,1001,Marketing,454581,2025-01-31
E00506,1002,Staff Salaries,318200,2025-01-31
E00507,1002,Utilities,83023,2025-01-31
E00508,1002,Provision Reserve,53679,2025-01-31
E00509,1002,Maintenance,288739,2025-01-31
E00510,1002,Marketing,483639,2025-01-31
E00511,1003,Staff Salaries,219957,2025-01-31
E00512,1003,Utilities,256858,2025-01-31
E00513,1003,Provision Reserve,278569,2025-01-31
E00514,1003,Maintenance,226761,2025-01-31
E00515,1003,Marketing,191111,2025-01-31
E00516,1004,Staff Salaries,94416,2025-01-31
E00517,1004,Utilities,137631,2025-01-31
E00518,1004,Provision Reserve,278773,2025-01-31
E00519,1004,Maintenance,27051,2025-01-31
E00520,1004,Marketing,413682,2025-01-31
E00521,1005,Staff Salaries,277158,2025-01-31
E00522,1005,Utilities,277798,2025-01-31
E00523,1005,Provision Reserve,71754,2025-01-31
E00524,1005,Maintenance,492263,2025-01-31
E00525,1005,Marketing,243046,2025-01-31
E00526,1006,Staff Salaries,129541,2025-01-31
E00527,1006,Utilities,262856,2025-01-31
E00528,1006,Provision Reserve,228010,2025-01-31
E00529,1006,Maintenance,448672,2025-01-31
E00530,1006,Marketing,323383,2025-01-31
E00531,1007,Staff Salaries,161111,2025-01-31
E00532,1007,Utilities,387802,2025-01-31
E00533,1007,Provision Reserve,437180,2025-01-31
E00534,1007,Maintenance,405533,2025-01-31
E00535,1007,Marketing,473777,2025-01-31
E00536,1008,Staff Salaries,438658,2025-01-31
E00537,1008,Utilities,247293,2025-01-31
E00538,1008,Provision Reserve,248095,2025-01-31
E00539,1008,Maintenance,462322,2025-01-31
E00540,1008,Marketing,485381,2025-01-31
E00541,1009,Staff Salaries,449033,2025-01-31
E00542,1009,Utilities,180124,2025-01-31
E00543,1009,Provision Reserve,193856,2025-01-31
E00544,1009,Maintenance,162450,2025-01-31
E00545,1009,Marketing,135562,2025-01-31
E00546,1010,Staff Salaries,234120,2025-01-31
E00547,1010,Utilities,383520,2025-01-31
E00548,1010,Provision Reserve,307724,2025-01-31
E00549,1010,Maintenance,71746,2025-01-31
E00550,1010,Marketing,330322,2025-01-31
E00551,1011,Staff Salaries,139110,2025-01-31
E00552,1011,Utilities,307347,2025-01-31
E00553,1011,Provision Reserve,300115,2025-01-31
E00554,1011,Maintenance,276262,2025-01-31
E00555,1011,Marketing,431794,2025-01-31
E00556,1012,Staff Salaries,13548,2025-01-31
E00557,1012,Utilities,238369,2025-01-31
E00558,1012,Provision Reserve,448781,2025-01-31
E00559,1012,Maintenance,32111,2025-01-31
E00560,1012,Marketing,261847,2025-01-31
E00561,1013,Staff Salaries,126414,2025-01-31
E00562,1013,Utilities,71795,2025-01-31
E00563,1013,Provision Reserve,441442,2025-01-31
E00564,1013,Maintenance,23229,2025-01-31
E00565,1013,Marketing,161781,2025-01-31
E00566,1014,Staff Salaries,219297,2025-01-31
E00567,1014,Utilities,160369,2025-01-31
E00568,1014,Provision Reserve,309820,2025-01-31
E00569,1014,Maintenance,416590,2025-01-31
E00570,1014,Marketing,121720,2025-01-31
E00571,1015,Staff Salaries,18709,2025-01-31
E00572,1015,Utilities,65231,2025-01-31
E00573,1015,Provision Reserve,43534,2025-01-31
E00574,1015,Maintenance,276011,2025-01-31
E00575,1015,Marketing,60050,2025-01-31
E00576,1016,Staff Salaries,268915,2025-01-31
E00577,1016,Utilities,244316,2025-01-31
E00578,1016,Provision Reserve,191721,2025-01-31
E00579,1016,Maintenance,458008,2025-01-31
E00580,1016,Marketing,135784,2025-01-31
E00581,1017,Staff Salaries,347208,2025-01-31
E00582,1017,Utilities,74882,2025-01-31
E00583,1017,Provision Reserve,221866,2025-01-31
E00584,1017,Maintenance,121705,2025-01-31
E00585,1017,Marketing,464164,2025-01-31
E00586,1018,Staff Salaries,260517,2025-01-31
E00587,1018,Utilities,337021,2025-01-31
E00588,1018,Provision Reserve,135530,2025-01-31
E00589,1018,Maintenance,389666,2025-01-31
E00590,1018,Marketing,111186,2025-01-31
E00591,1019,Staff Salaries,421712,2025-01-31
E00592,1019,Utilities,99253,2025-01-31
E00593,1019,Provision Reserve,169447,2025-01-31
E00594,1019,Maintenance,305214,2025-01-31
E00595,1019,Marketing,26600,2025-01-31
E00596,1020,Staff Salaries,447450,2025-01-31
E00597,1020,Utilities,272413,2025-01-31
E00598,1020,Provision Reserve,310840,2025-01-31
E00599,1020,Maintenance,42543,2025-01-31
E00600,1020,Marketing,145214,2025-01-31
E00601,1021,Staff Salaries,18224,2025-01-31
E00602,1021,Utilities,157498,2025-01-31
E00603,1021,Provision Reserve,311353,2025-01-31
E00604,1021,Maintenance,66297,2025-01-31
E00605,1021,Marketing,53060,2025-01-31
E00606,1022,Staff Salaries,262307,2025-01-31
E00607,1022,Utilities,404211,2025-01-31
E00608,1022,Provision Reserve,478263,2025-01-31
E00609,1022,Maintenance,11502,2025-01-31
E00610,1022,Marketing,213903,2025-01-31
E00611,1023,Staff Salaries,440048,2025-01-31
E00612,1023,Utilities,252303,2025-01-31
E00613,1023,Provision Reserve,130537,2025-01-31
E00614,1023,Maintenance,388084,2025-01-31
E00615,1023,Marketing,197709,2025-01-31
E00616,1024,Staff Salaries,337287,2025-01-31
E00617,1024,Utilities,221170,2025-01-31
E00618,1024,Provision Reserve,38472,2025-01-31
E00619,1024,Maintenance,336878,2025-01-31
E00620,1024,Marketing,19266,2025-01-31
E00621,1025,Staff Salaries,456967,2025-01-31
E00622,1025,Utilities,344035,2025-01-31
E00623,1025,Provision Reserve,252690,2025-01-31
E00624,1025,Maintenance,263311,2025-01-31
E00625,1025,Marketing,330621,2025-01-31
E00626,1026,Staff Salaries,348519,2025-01-31
E00627,1026,Utilities,105346,2025-01-31
E00628,1026,Provision Reserve,474109,2025-01-31
E00629,1026,Maintenance,356188,2025-01-31
E00630,1026,Marketing,374701,2025-01-31
E00631,1027,Staff Salaries,482888,2025-01-31
E00632,1027,Utilities,216161,2025-01-31
E00633,1027,Provision Reserve,166852,2025-01-31
E00634,1027,Maintenance,17545,2025-01-31
E00635,1027,Marketing,234467,2025-01-31
E00636,1028,Staff Salaries,465042,2025-01-31
E00637,1028,Utilities,125837,2025-01-31
E00638,1028,Provision Reserve,14830,2025-01-31
E00639,1028,Maintenance,277483,2025-01-31
E00640,1028,Marketing,499639,2025-01-31
E00641,1029,Staff Salaries,84648,2025-01-31
E00642,1029,Utilities,268228,2025-01-31
E00643,1029,Provision Reserve,384862,2025-01-31
E00644,1029,Maintenance,198681,2025-01-31
E00645,1029,Marketing,20251,2025-01-31
E00646,1030,Staff Salaries,80297,2025-01-31
E00647,1030,Utilities,57298,2025-01-31
E00648,1030,Provision Reserve,155188,2025-01-31
E00649,1030,Maintenance,378659,2025-01-31
E00650,1030,Marketing,262924,2025-01-31
E00651,1031,Staff Salaries,323391,2025-01-31
E00652,1031,Utilities,409494,2025-01-31
E00653,1031,Provision Reserve,134001,2025-01-31
E00654,1031,Maintenance,59699,2025-01-31
E00655,1031,Marketing,141083,2025-01-31
E00656,1032,Staff Salaries,48508,2025-01-31
E00657,1032,Utilities,222106,2025-01-31
E00658,1032,Provision Reserve,327391,2025-01-31
E00659,1032,Maintenance,275536,2025-01-31
E00660,1032,Marketing,175979,2025-01-31
E00661,1033,Staff Salaries,76348,2025-01-31
E00662,1033,Utilities,273888,2025-01-31
E00663,1033,Provision Reserve,61542,2025-01-31
E00664,1033,Maintenance,473451,2025-01-31
E00665,1033,Marketing,223591,2025-01-31
E00666,1034,Staff Salaries,249593,2025-01-31
E00667,1034,Utilities,225511,2025-01-31
E00668,1034,Provision Reserve,353323,2025-01-31
E00669,1034,Maintenance,19865,2025-01-31
E00670,1034,Marketing,101605,2025-01-31
E00671,1035,Staff Salaries,324737,2025-01-31
E00672,1035,Utilities,466588,2025-01-31
E00673,1035,Provision Reserve,235110,2025-01-31
E00674,1035,Maintenance,344812,2025-01-31
E00675,1035,Marketing,121026,2025-01-31
E00676,1036,Staff Salaries,342626,2025-01-31
E00677,1036,Utilities,215940,2025-01-31
E00678,1036,Provision Reserve,375028,2025-01-31
E00679,1036,Maintenance,344944,2025-01-31
E00680,1036,Marketing,334629,2025-01-31
E00681,1037,Staff Salaries,17614,2025-01-31
E00682,1037,Utilities,278286,2025-01-31
E00683,1037,Provision Reserve,281771,2025-01-31
E00684,1037,Maintenance,65857,2025-01-31
E00685,1037,Marketing,327570,2025-01-31
E00686,1038,Staff Salaries,65166,2025-01-31
E00687,1038,Utilities,466205,2025-01-31
E00688,1038,Provision Reserve,484222,2025-01-31
E00689,1038,Maintenance,472622,2025-01-31
E00690,1038,Marketing,431538,2025-01-31
E00691,1039,Staff Salaries,366665,2025-01-31
E00692,1039,Utilities,94661,2025-01-31
E00693,1039,Provision Reserve,325637,2025-01-31
E00694,1039,Maintenance,450712,2025-01-31
E00695,1039,Marketing,378844,2025-01-31
E00696,1040,Staff Salaries,409132,2025-01-31
E00697,1040,Utilities,491199,2025-01-31
E00698,1040,Provision Reserve,391108,2025-01-31
E00699,1040,Maintenance,59577,2025-01-31
E00700,1040,Marketing,272397,2025-01-31
E00701,1041,Staff Salaries,66800,2025-01-31
E00702,1041,Utilities,368294,2025-01-31
E00703,1041,Provision Reserve,189321,2025-01-31
E00704,1041,Maintenance,349471,2025-01-31
E00705,1041,Marketing,132210,2025-01-31
E00706,1042,Staff Salaries,278571,2025-01-31
E00707,1042,Utilities,438214,2025-01-31
E00708,1042,Provision Reserve,98704,2025-01-31
E00709,1042,Maintenance,374660,2025-01-31
E00710,1042,Marketing,427788,2025-01-31
E00711,1043,Staff Salaries,56623,2025-01-31
E00712,1043,Utilities,340155,2025-01-31
E00713,1043,Provision Reserve,178323,2025-01-31
E00714,1043,Maintenance,266375,2025-01-31
E00715,1043,Marketing,407156,2025-01-31
E00716,1044,Staff Salaries,114834,2025-01-31
E00717,1044,Utilities,84382,2025-01-31
E00718,1044,Provision Reserve,359437,2025-01-31
E00719,1044,Maintenance,173681,2025-01-31
E00720,1044,Marketing,213848,2025-01-31
E00721,1045,Staff Salaries,452074,2025-01-31
E00722,1045,Utilities,226438,2025-01-31
E00723,1045,Provision Reserve,134058,2025-01-31
E00724,1045,Maintenance,472077,2025-01-31
E00725,1045,Marketing,136193,2025-01-31
E00726,1046,Staff Salaries,315438,2025-01-31
E00727,1046,Utilities,391854,2025-01-31
E00728,1046,Provision Reserve,309164,2025-01-31
E00729,1046,Maintenance,265856,2025-01-31
E00730,1046,Marketing,331051,2025-01-31
E00731,1047,Staff Salaries,219391,2025-01-31
E00732,1047,Utilities,389831,2025-01-31
E00733,1047,Provision Reserve,261549,2025-01-31
E00734,1047,Maintenance,184308,2025-01-31
E00735,1047,Marketing,481577,2025-01-31
E00736,1048,Staff Salaries,318615,2025-01-31
E00737,1048,Utilities,245102,2025-01-31
E00738,1048,Provision Reserve,122623,2025-01-31
E00739,1048,Maintenance,38830,2025-01-31
E00740,1048,Marketing,494039,2025-01-31
E00741,1049,Staff Salaries,356989,2025-01-31
E00742,1049,Utilities,221228,2025-01-31
E00743,1049,Provision Reserve,303853,2025-01-31
E00744,1049,Maintenance,402110,2025-01-31
E00745,1049,Marketing,244184,2025-01-31
E00746,1050,Staff Salaries,50552,2025-01-31
E00747,1050,Utilities,340583,2025-01-31
E00748,1050,Provision Reserve,242194,2025-01-31
E00749,1050,Maintenance,397158,2025-01-31
E00750,1050,Marketing,48307,2025-01-31
E00751,1051,Staff Salaries,142560,2025-01-31
E00752,1051,Utilities,358910,2025-01-31
E00753,1051,Provision Reserve,46312,2025-01-31
E00754,1051,Maintenance,14129,2025-01-31
E00755,1051,Marketing,114917,2025-01-31
E00756,1052,Staff Salaries,457640,2025-01-31
E00757,1052,Utilities,483088,2025-01-31
E00758,1052,Provision Reserve,315106,2025-01-31
E00759,1052,Maintenance,14356,2025-01-31
E00760,1052,Marketing,343413,2025-01-31
E00761,1053,Staff Salaries,492737,2025-01-31
E00762,1053,Utilities,83553,2025-01-31
E00763,1053,Provision Reserve,147968,2025-01-31
E00764,1053,Maintenance,454924,2025-01-31
E00765,1053,Marketing,413010,2025-01-31
E00766,1054,Staff Salaries,49287,2025-01-31
E00767,1054,Utilities,229776,2025-01-31
E00768,1054,Provision Reserve,390019,2025-01-31
E00769,1054,Maintenance,129505,2025-01-31
E00770,1054,Marketing,213315,2025-01-31
E00771,1055,Staff Salaries,166507,2025-01-31
E00772,1055,Utilities,61088,2025-01-31
E00773,1055,Provision Reserve,165776,2025-01-31
E00774,1055,Maintenance,255212,2025-01-31
E00775,1055,Marketing,330646,2025-01-31
E00776,1056,Staff Salaries,485054,2025-01-31
E00777,1056,Utilities,488826,2025-01-31
E00778,1056,Provision Reserve,42022,2025-01-31
E00779,1056,Maintenance,67644,2025-01-31
E00780,1056,Marketing,76939,2025-01-31
E00781,1057,Staff Salaries,71049,2025-01-31
E00782,1057,Utilities,165211,2025-01-31
E00783,1057,Provision Reserve,89306,2025-01-31
E00784,1057,Maintenance,329664,2025-01-31
E00785,1057,Marketing,326458,2025-01-31
E00786,1058,Staff Salaries,114905,2025-01-31
E00787,1058,Utilities,68646,2025-01-31
E00788,1058,Provision Reserve,139455,2025-01-31
E00789,1058,Maintenance,152278,2025-01-31
E00790,1058,Marketing,414181,2025-01-31
E00791,1059,Staff Salaries,484802,2025-01-31
E00792,1059,Utilities,137403,2025-01-31
E00793,1059,Provision Reserve,448371,2025-01-31
E00794,1059,Maintenance,136036,2025-01-31
E00795,1059,Marketing,332468,2025-01-31
E00796,1060,Staff Salaries,488633,2025-01-31
E00797,1060,Utilities,183153,2025-01-31
E00798,1060,Provision Reserve,22105,2025-01-31
E00799,1060,Maintenance,17705,2025-01-31
E00800,1060,Marketing,207708,2025-01-31
E00801,1061,Staff Salaries,435138,2025-01-31
E00802,1061,Utilities,313328,2025-01-31
E00803,1061,Provision Reserve,65704,2025-01-31
E00804,1061,Maintenance,13300,2025-01-31
E00805,1061,Marketing,414950,2025-01-31
E00806,1062,Staff Salaries,16570,2025-01-31
E00807,1062,Utilities,155773,2025-01-31
E00808,1062,Provision Reserve,271904,2025-01-31
E00809,1062,Maintenance,236686,2025-01-31
E00810,1062,Marketing,185945,2025-01-31
E00811,1063,Staff Salaries,398322,2025-01-31
E00812,1063,Utilities,47816,2025-01-31
E00813,1063,Provision Reserve,360173,2025-01-31
E00814,1063,Maintenance,84451,2025-01-31
E00815,1063,Marketing,480062,2025-01-31
E00816,1064,Staff Salaries,88627,2025-01-31
E00817,1064,Utilities,73974,2025-01-31
E00818,1064,Provision Reserve,354165,2025-01-31
E00819,1064,Maintenance,141001,2025-01-31
E00820,1064,Marketing,391797,2025-01-31
E00821,1065,Staff Salaries,18589,2025-01-31
E00822,1065,Utilities,316977,2025-01-31
E00823,1065,Provision Reserve,291864,2025-01-31
E00824,1065,Maintenance,395077,2025-01-31
E00825,1065,Marketing,55914,2025-01-31
E00826,1066,Staff Salaries,65412,2025-01-31
E00827,1066,Utilities,11617,2025-01-31
E00828,1066,Provision Reserve,326773,2025-01-31
E00829,1066,Maintenance,268944,2025-01-31
E00830,1066,Marketing,478172,2025-01-31
E00831,1067,Staff Salaries,182216,2025-01-31
E00832,1067,Utilities,146487,2025-01-31
E00833,1067,Provision Reserve,115712,2025-01-31
E00834,1067,Maintenance,32711,2025-01-31
E00835,1067,Marketing,403379,2025-01-31
E00836,1068,Staff Salaries,191624,2025-01-31
E00837,1068,Utilities,115964,2025-01-31
E00838,1068,Provision Reserve,134959,2025-01-31
E00839,1068,Maintenance,178171,2025-01-31
E00840,1068,Marketing,141535,2025-01-31
E00841,1069,Staff Salaries,192989,2025-01-31
E00842,1069,Utilities,24660,2025-01-31
E00843,1069,Provision Reserve,302735,2025-01-31
E00844,1069,Maintenance,374543,2025-01-31
E00845,1069,Marketing,151793,2025-01-31
E00846,1070,Staff Salaries,16712,2025-01-31
E00847,1070,Utilities,256147,2025-01-31
E00848,1070,Provision Reserve,377353,2025-01-31
E00849,1070,Maintenance,280504,2025-01-31
E00850,1070,Marketing,281752,2025-01-31
E00851,1071,Staff Salaries,388888,2025-01-31
E00852,1071,Utilities,304051,2025-01-31
E00853,1071,Provision Reserve,23839,2025-01-31
E00854,1071,Maintenance,363333,2025-01-31
E00855,1071,Marketing,389067,2025-01-31
E00856,1072,Staff Salaries,32783,2025-01-31
E00857,1072,Utilities,102945,2025-01-31
E00858,1072,Provision Reserve,324827,2025-01-31
E00859,1072,Maintenance,382630,2025-01-31
E00860,1072,Marketing,382493,2025-01-31
E00861,1073,Staff Salaries,71226,2025-01-31
E00862,1073,Utilities,42629,2025-01-31
E00863,1073,Provision Reserve,249688,2025-01-31
E00864,1073,Maintenance,11263,2025-01-31
E00865,1073,Marketing,336353,2025-01-31
E00866,1074,Staff Salaries,195697,2025-01-31
E00867,1074,Utilities,102654,2025-01-31
E00868,1074,Provision Reserve,410305,2025-01-31
E00869,1074,Maintenance,50936,2025-01-31
E00870,1074,Marketing,128591,2025-01-31
E00871,1075,Staff Salaries,381639,2025-01-31
E00872,1075,Utilities,210546,2025-01-31
E00873,1075,Provision Reserve,171811,2025-01-31
E00874,1075,Maintenance,143069,2025-01-31
E00875,1075,Marketing,181400,2025-01-31
E00876,1076,Staff Salaries,39467,2025-01-31
E00877,1076,Utilities,74813,2025-01-31
E00878,1076,Provision Reserve,108843,2025-01-31
E00879,1076,Maintenance,176119,2025-01-31
E00880,1076,Marketing,164631,2025-01-31
E00881,1077,Staff Salaries,480535,2025-01-31
E00882,1077,Utilities,171476,2025-01-31
E00883,1077,Provision Reserve,313388,2025-01-31
E00884,1077,Maintenance,187479,2025-01-31
E00885,1077,Marketing,221925,2025-01-31
E00886,1078,Staff Salaries,388293,2025-01-31
E00887,1078,Utilities,243185,2025-01-31
E00888,1078,Provision Reserve,344655,2025-01-31
E00889,1078,Maintenance,214973,2025-01-31
E00890,1078,Marketing,85331,2025-01-31
E00891,1079,Staff Salaries,140388,2025-01-31
E00892,1079,Utilities,22402,2025-01-31
E00893,1079,Provision Reserve,133961,2025-01-31
E00894,1079,Maintenance,469984,2025-01-31
E00895,1079,Marketing,302991,2025-01-31
E00896,1080,Staff Salaries,325603,2025-01-31
E00897,1080,Utilities,308096,2025-01-31
E00898,1080,Provision Reserve,73031,2025-01-31
E00899,1080,Maintenance,106660,2025-01-31
E00900,1080,Marketing,12768,2025-01-31
E00901,1081,Staff Salaries,69722,2025-01-31
E00902,1081,Utilities,141771,2025-01-31
E00903,1081,Provision Reserve,38640,2025-01-31
E00904,1081,Maintenance,180501,2025-01-31
E00905,1081,Marketing,181132,2025-01-31
E00906,1082,Staff Salaries,203690,2025-01-31
E00907,1082,Utilities,360757,2025-01-31
E00908,1082,Provision Reserve,164164,2025-01-31
E00909,1082,Maintenance,253345,2025-01-31
E00910,1082,Marketing,390623,2025-01-31
E00911,1083,Staff Salaries,338629,2025-01-31
E00912,1083,Utilities,168846,2025-01-31
E00913,1083,Provision Reserve,387685,2025-01-31
E00914,1083,Maintenance,313179,2025-01-31
E00915,1083,Marketing,29304,2025-01-31
E00916,1084,Staff Salaries,108040,2025-01-31
E00917,1084,Utilities,331738,2025-01-31
E00918,1084,Provision Reserve,174929,2025-01-31
E00919,1084,Maintenance,346650,2025-01-31
E00920,1084,Marketing,159597,2025-01-31
E00921,1085,Staff Salaries,339553,2025-01-31
E00922,1085,Utilities,339740,2025-01-31
E00923,1085,Provision Reserve,431393,2025-01-31
E00924,1085,Maintenance,474558,2025-01-31
E00925,1085,Marketing,60660,2025-01-31
E00926,1086,Staff Salaries,24009,2025-01-31
E00927,1086,Utilities,401251,2025-01-31
E00928,1086,Provision Reserve,292647,2025-01-31
E00929,1086,Maintenance,471053,2025-01-31
E00930,1086,Marketing,141300,2025-01-31
E00931,1087,Staff Salaries,347599,2025-01-31
E00932,1087,Utilities,83706,2025-01-31
E00933,1087,Provision Reserve,458034,2025-01-31
E00934,1087,Maintenance,334626,2025-01-31
E00935,1087,Marketing,203967,2025-01-31
E00936,1088,Staff Salaries,158836,2025-01-31
E00937,1088,Utilities,207941,2025-01-31
E00938,1088,Provision Reserve,58897,2025-01-31
E00939,1088,Maintenance,405977,2025-01-31
E00940,1088,Marketing,186465,2025-01-31
E00941,1089,Staff Salaries,371669,2025-01-31
E00942,1089,Utilities,454869,2025-01-31
E00943,1089,Provision Reserve,143611,2025-01-31
E00944,1089,Maintenance,404427,2025-01-31
E00945,1089,Marketing,274693,2025-01-31
E00946,1090,Staff Salaries,35904,2025-01-31
E00947,1090,Utilities,143517,2025-01-31
E00948,1090,Provision Reserve,439302,2025-01-31
E00949,1090,Maintenance,300931,2025-01-31
E00950,1090,Marketing,474361,2025-01-31
E00951,1091,Staff Salaries,107902,2025-01-31
E00952,1091,Utilities,155360,2025-01-31
E00953,1091,Provision Reserve,76168,2025-01-31
E00954,1091,Maintenance,154051,2025-01-31
E00955,1091,Marketing,38456,2025-01-31
E00956,1092,Staff Salaries,282973,2025-01-31
E00957,1092,Utilities,488689,2025-01-31
E00958,1092,Provision Reserve,466380,2025-01-31
E00959,1092,Maintenance,464112,2025-01-31
E00960,1092,Marketing,475314,2025-01-31
E00961,1093,Staff Salaries,398399,2025-01-31
E00962,1093,Utilities,399536,2025-01-31
E00963,1093,Provision Reserve,212826,2025-01-31
E00964,1093,Maintenance,382112,2025-01-31
E00965,1093,Marketing,48189,2025-01-31
E00966,1094,Staff Salaries,377083,2025-01-31
E00967,1094,Utilities,443974,2025-01-31
E00968,1094,Provision Reserve,287161,2025-01-31
E00969,1094,Maintenance,427676,2025-01-31
E00970,1094,Marketing,343664,2025-01-31
E00971,1095,Staff Salaries,141099,2025-01-31
E00972,1095,Utilities,343090,2025-01-31
E00973,1095,Provision Reserve,462644,2025-01-31
E00974,1095,Maintenance,94583,2025-01-31
E00975,1095,Marketing,76197,2025-01-31
E00976,1096,Staff Salaries,299736,2025-01-31
E00977,1096,Utilities,53733,2025-01-31
E00978,1096,Provision Reserve,459092,2025-01-31
E00979,1096,Maintenance,346225,2025-01-31
E00980,1096,Marketing,368372,2025-01-31
E00981,1097,Staff Salaries,356396,2025-01-31
E00982,1097,Utilities,252535,2025-01-31
E00983,1097,Provision Reserve,446489,2025-01-31
E00984,1097,Maintenance,277203,2025-01-31
E00985,1097,Marketing,68827,2025-01-31
E00986,1098,Staff Salaries,55550,2025-01-31
E00987,1098,Utilities,478097,2025-01-31
E00988,1098,Provision Reserve,278669,2025-01-31
E00989,1098,Maintenance,246799,2025-01-31
E00990,1098,Marketing,310749,2025-01-31
E00991,1099,Staff Salaries,482867,2025-01-31
E00992,1099,Utilities,72700,2025-01-31
E00993,1099,Provision Reserve,404012,2025-01-31
E00994,1099,Maintenance,39714,2025-01-31
E00995,1099,Marketing,478132,2025-01-31
E00996,1100,Staff Salaries,422651,2025-01-31
E00997,1100,Utilities,69995,2025-01-31
E00998,1100,Provision Reserve,228970,2025-01-31
E00999,1100,Maintenance,325446,2025-01-31
E01000,1100,Marketing,423534,2025-01-31
E01001,1001,Staff Salaries,430293,2025-03-02
E01002,1001,Utilities,192231,2025-03-02
E01003,1001,Provision Reserve,396928,2025-03-02
E01004,1001,Maintenance,441206,2025-03-02
E01005,1001,Marketing,385658,2025-03-02
E01006,1002,Staff Salaries,498990,2025-03-02
E01007,1002,Utilities,342036,2025-03-02
E01008,1002,Provision Reserve,31079,2025-03-02
E01009,1002,Maintenance,229444,2025-03-02
E01010,1002,Marketing,205084,2025-03-02
E01011,1003,Staff Salaries,487760,2025-03-02
E01012,1003,Utilities,242502,2025-03-02
E01013,1003,Provision Reserve,334749,2025-03-02
E01014,1003,Maintenance,301610,2025-03-02
E01015,1003,Marketing,91222,2025-03-02
E01016,1004,Staff Salaries,292640,2025-03-02
E01017,1004,Utilities,178106,2025-03-02
E01018,1004,Provision Reserve,441736,2025-03-02
E01019,1004,Maintenance,63142,2025-03-02
E01020,1004,Marketing,375933,2025-03-02
E01021,1005,Staff Salaries,101020,2025-03-02
E01022,1005,Utilities,41313,2025-03-02
E01023,1005,Provision Reserve,100516,2025-03-02
E01024,1005,Maintenance,413276,2025-03-02
E01025,1005,Marketing,150363,2025-03-02
E01026,1006,Staff Salaries,148908,2025-03-02
E01027,1006,Utilities,461344,2025-03-02
E01028,1006,Provision Reserve,172800,2025-03-02
E01029,1006,Maintenance,292167,2025-03-02
E01030,1006,Marketing,280351,2025-03-02
E01031,1007,Staff Salaries,401311,2025-03-02
E01032,1007,Utilities,238285,2025-03-02
E01033,1007,Provision Reserve,435128,2025-03-02
E01034,1007,Maintenance,331351,2025-03-02
E01035,1007,Marketing,119357,2025-03-02
E01036,1008,Staff Salaries,146154,2025-03-02
E01037,1008,Utilities,129923,2025-03-02
E01038,1008,Provision Reserve,80799,2025-03-02
E01039,1008,Maintenance,107676,2025-03-02
E01040,1008,Marketing,429014,2025-03-02
E01041,1009,Staff Salaries,41662,2025-03-02
E01042,1009,Utilities,108644,2025-03-02
E01043,1009,Provision Reserve,217127,2025-03-02
E01044,1009,Maintenance,238154,2025-03-02
E01045,1009,Marketing,21744,2025-03-02
E01046,1010,Staff Salaries,319181,2025-03-02
E01047,1010,Utilities,148640,2025-03-02
E01048,1010,Provision Reserve,54274,2025-03-02
E01049,1010,Maintenance,155389,2025-03-02
E01050,1010,Marketing,453578,2025-03-02
E01051,1011,Staff Salaries,91806,2025-03-02
E01052,1011,Utilities,93131,2025-03-02
E01053,1011,Provision Reserve,440405,2025-03-02
E01054,1011,Maintenance,82514,2025-03-02
E01055,1011,Marketing,248846,2025-03-02
E01056,1012,Staff Salaries,205475,2025-03-02
E01057,1012,Utilities,400723,2025-03-02
E01058,1012,Provision Reserve,214083,2025-03-02
E01059,1012,Maintenance,276930,2025-03-02
E01060,1012,Marketing,423573,2025-03-02
E01061,1013,Staff Salaries,475621,2025-03-02
E01062,1013,Utilities,340928,2025-03-02
E01063,1013,Provision Reserve,342025,2025-03-02
E01064,1013,Maintenance,409125,2025-03-02
E01065,1013,Marketing,364611,2025-03-02
E01066,1014,Staff Salaries,136606,2025-03-02
E01067,1014,Utilities,17273,2025-03-02
E01068,1014,Provision Reserve,430603,2025-03-02
E01069,1014,Maintenance,111148,2025-03-02
E01070,1014,Marketing,397417,2025-03-02
E01071,1015,Staff Salaries,121718,2025-03-02
E01072,1015,Utilities,472738,2025-03-02
E01073,1015,Provision Reserve,81054,2025-03-02
E01074,1015,Maintenance,33040,2025-03-02
E01075,1015,Marketing,274041,2025-03-02
E01076,1016,Staff Salaries,62185,2025-03-02
E01077,1016,Utilities,264265,2025-03-02
E01078,1016,Provision Reserve,413962,2025-03-02
E01079,1016,Maintenance,26538,2025-03-02
E01080,1016,Marketing,379649,2025-03-02
E01081,1017,Staff Salaries,153380,2025-03-02
E01082,1017,Utilities,322204,2025-03-02
E01083,1017,Provision Reserve,454709,2025-03-02
E01084,1017,Maintenance,26852,2025-03-02
E01085,1017,Marketing,60105,2025-03-02
E01086,1018,Staff Salaries,73072,2025-03-02
E01087,1018,Utilities,270600,2025-03-02
E01088,1018,Provision Reserve,38798,2025-03-02
E01089,1018,Maintenance,126520,2025-03-02
E01090,1018,Marketing,273176,2025-03-02
E01091,1019,Staff Salaries,28046,2025-03-02
E01092,1019,Utilities,397910,2025-03-02
E01093,1019,Provision Reserve,292277,2025-03-02
E01094,1019,Maintenance,52928,2025-03-02
E01095,1019,Marketing,363247,2025-03-02
E01096,1020,Staff Salaries,158116,2025-03-02
E01097,1020,Utilities,174605,2025-03-02
E01098,1020,Provision Reserve,177359,2025-03-02
E01099,1020,Maintenance,42664,2025-03-02
E01100,1020,Marketing,171535,2025-03-02
E01101,1021,Staff Salaries,424112,2025-03-02
E01102,1021,Utilities,241474,2025-03-02
E01103,1021,Provision Reserve,378500,2025-03-02
E01104,1021,Maintenance,145563,2025-03-02
E01105,1021,Marketing,55556,2025-03-02
E01106,1022,Staff Salaries,477235,2025-03-02
E01107,1022,Utilities,250774,2025-03-02
E01108,1022,Provision Reserve,109905,2025-03-02
E01109,1022,Maintenance,194811,2025-03-02
E01110,1022,Marketing,469631,2025-03-02
E01111,1023,Staff Salaries,369796,2025-03-02
E01112,1023,Utilities,484723,2025-03-02
E01113,1023,Provision Reserve,14820,2025-03-02
E01114,1023,Maintenance,166918,2025-03-02
E01115,1023,Marketing,355672,2025-03-02
E01116,1024,Staff Salaries,310946,2025-03-02
E01117,1024,Utilities,32623,2025-03-02
E01118,1024,Provision Reserve,428097,2025-03-02
E01119,1024,Maintenance,81371,2025-03-02
E01120,1024,Marketing,380677,2025-03-02
E01121,1025,Staff Salaries,287404,2025-03-02
E01122,1025,Utilities,428223,2025-03-02
E01123,1025,Provision Reserve,70916,2025-03-02
E01124,1025,Maintenance,126139,2025-03-02
E01125,1025,Marketing,309655,2025-03-02
E01126,1026,Staff Salaries,114363,2025-03-02
E01127,1026,Utilities,393858,2025-03-02
E01128,1026,Provision Reserve,63293,2025-03-02
E01129,1026,Maintenance,263590,2025-03-02
E01130,1026,Marketing,48086,2025-03-02
E01131,1027,Staff Salaries,481695,2025-03-02
E01132,1027,Utilities,267387,2025-03-02
E01133,1027,Provision Reserve,53312,2025-03-02
E01134,1027,Maintenance,488784,2025-03-02
E01135,1027,Marketing,132130,2025-03-02
E01136,1028,Staff Salaries,193170,2025-03-02
E01137,1028,Utilities,341135,2025-03-02
E01138,1028,Provision Reserve,334442,2025-03-02
E01139,1028,Maintenance,374342,2025-03-02
E01140,1028,Marketing,78409,2025-03-02
E01141,1029,Staff Salaries,60095,2025-03-02
E01142,1029,Utilities,262776,2025-03-02
E01143,1029,Provision Reserve,46877,2025-03-02
E01144,1029,Maintenance,295142,2025-03-02
E01145,1029,Marketing,64413,2025-03-02
E01146,1030,Staff Salaries,423537,2025-03-02
E01147,1030,Utilities,285463,2025-03-02
E01148,1030,Provision Reserve,261197,2025-03-02
E01149,1030,Maintenance,327848,2025-03-02
E01150,1030,Marketing,407347,2025-03-02
E01151,1031,Staff Salaries,172168,2025-03-02
E01152,1031,Utilities,459805,2025-03-02
E01153,1031,Provision Reserve,306222,2025-03-02
E01154,1031,Maintenance,481205,2025-03-02
E01155,1031,Marketing,379256,2025-03-02
E01156,1032,Staff Salaries,351070,2025-03-02
E01157,1032,Utilities,302715,2025-03-02
E01158,1032,Provision Reserve,499405,2025-03-02
E01159,1032,Maintenance,74185,2025-03-02
E01160,1032,Marketing,122274,2025-03-02
E01161,1033,Staff Salaries,58335,2025-03-02
E01162,1033,Utilities,431850,2025-03-02
E01163,1033,Provision Reserve,301087,2025-03-02
E01164,1033,Maintenance,258295,2025-03-02
E01165,1033,Marketing,411467,2025-03-02
E01166,1034,Staff Salaries,376451,2025-03-02
E01167,1034,Utilities,450302,2025-03-02
E01168,1034,Provision Reserve,321318,2025-03-02
E01169,1034,Maintenance,315429,2025-03-02
E01170,1034,Marketing,160476,2025-03-02
E01171,1035,Staff Salaries,274136,2025-03-02
E01172,1035,Utilities,300306,2025-03-02
E01173,1035,Provision Reserve,400618,2025-03-02
E01174,1035,Maintenance,419330,2025-03-02
E01175,1035,Marketing,177106,2025-03-02
E01176,1036,Staff Salaries,118256,2025-03-02
E01177,1036,Utilities,129670,2025-03-02
E01178,1036,Provision Reserve,106640,2025-03-02
E01179,1036,Maintenance,176879,2025-03-02
E01180,1036,Marketing,180430,2025-03-02
E01181,1037,Staff Salaries,258149,2025-03-02
E01182,1037,Utilities,203862,2025-03-02
E01183,1037,Provision Reserve,157037,2025-03-02
E01184,1037,Maintenance,308347,2025-03-02
E01185,1037,Marketing,175534,2025-03-02
E01186,1038,Staff Salaries,51632,2025-03-02
E01187,1038,Utilities,183862,2025-03-02
E01188,1038,Provision Reserve,368298,2025-03-02
E01189,1038,Maintenance,469999,2025-03-02
E01190,1038,Marketing,377255,2025-03-02
E01191,1039,Staff Salaries,274335,2025-03-02
E01192,1039,Utilities,26069,2025-03-02
E01193,1039,Provision Reserve,269455,2025-03-02
E01194,1039,Maintenance,257767,2025-03-02
E01195,1039,Marketing,475702,2025-03-02
E01196,1040,Staff Salaries,217820,2025-03-02
E01197,1040,Utilities,103976,2025-03-02
E01198,1040,Provision Reserve,23580,2025-03-02
E01199,1040,Maintenance,255311,2025-03-02
E01200,1040,Marketing,78114,2025-03-02
E01201,1041,Staff Salaries,65034,2025-03-02
E01202,1041,Utilities,356615,2025-03-02
E01203,1041,Provision Reserve,205423,2025-03-02
E01204,1041,Maintenance,490984,2025-03-02
E01205,1041,Marketing,408681,2025-03-02
E01206,1042,Staff Salaries,292622,2025-03-02
E01207,1042,Utilities,306926,2025-03-02
E01208,1042,Provision Reserve,214711,2025-03-02
E01209,1042,Maintenance,182563,2025-03-02
E01210,1042,Marketing,167806,2025-03-02
E01211,1043,Staff Salaries,159861,2025-03-02
E01212,1043,Utilities,264031,2025-03-02
E01213,1043,Provision Reserve,35462,2025-03-02
E01214,1043,Maintenance,482568,2025-03-02
E01215,1043,Marketing,429257,2025-03-02
E01216,1044,Staff Salaries,309673,2025-03-02
E01217,1044,Utilities,333235,2025-03-02
E01218,1044,Provision Reserve,303691,2025-03-02
E01219,1044,Maintenance,230268,2025-03-02
E01220,1044,Marketing,89332,2025-03-02
E01221,1045,Staff Salaries,50871,2025-03-02
E01222,1045,Utilities,223179,2025-03-02
E01223,1045,Provision Reserve,475976,2025-03-02
E01224,1045,Maintenance,117593,2025-03-02
E01225,1045,Marketing,381981,2025-03-02
E01226,1046,Staff Salaries,324953,2025-03-02
E01227,1046,Utilities,386809,2025-03-02
E01228,1046,Provision Reserve,215805,2025-03-02
E01229,1046,Maintenance,146231,2025-03-02
E01230,1046,Marketing,498563,2025-03-02
E01231,1047,Staff Salaries,48526,2025-03-02
E01232,1047,Utilities,357099,2025-03-02
E01233,1047,Provision Reserve,84172,2025-03-02
E01234,1047,Maintenance,92191,2025-03-02
E01235,1047,Marketing,54755,2025-03-02
E01236,1048,Staff Salaries,223611,2025-03-02
E01237,1048,Utilities,231188,2025-03-02
E01238,1048,Provision Reserve,116303,2025-03-02
E01239,1048,Maintenance,479479,2025-03-02
E01240,1048,Marketing,266984,2025-03-02
E01241,1049,Staff Salaries,350630,2025-03-02
E01242,1049,Utilities,398337,2025-03-02
E01243,1049,Provision Reserve,267141,2025-03-02
E01244,1049,Maintenance,332623,2025-03-02
E01245,1049,Marketing,424193,2025-03-02
E01246,1050,Staff Salaries,260267,2025-03-02
E01247,1050,Utilities,59890,2025-03-02
E01248,1050,Provision Reserve,134308,2025-03-02
E01249,1050,Maintenance,26342,2025-03-02
E01250,1050,Marketing,362288,2025-03-02
E01251,1051,Staff Salaries,147972,2025-03-02
E01252,1051,Utilities,245076,2025-03-02
E01253,1051,Provision Reserve,302810,2025-03-02
E01254,1051,Maintenance,327889,2025-03-02
E01255,1051,Marketing,449766,2025-03-02
E01256,1052,Staff Salaries,383447,2025-03-02
E01257,1052,Utilities,234588,2025-03-02
E01258,1052,Provision Reserve,445995,2025-03-02
E01259,1052,Maintenance,65059,2025-03-02
E01260,1052,Marketing,423163,2025-03-02
E01261,1053,Staff Salaries,197516,2025-03-02
E01262,1053,Utilities,250933,2025-03-02
E01263,1053,Provision Reserve,452411,2025-03-02
E01264,1053,Maintenance,190148,2025-03-02
E01265,1053,Marketing,469139,2025-03-02
E01266,1054,Staff Salaries,65909,2025-03-02
E01267,1054,Utilities,20853,2025-03-02
E01268,1054,Provision Reserve,199673,2025-03-02
E01269,1054,Maintenance,72698,2025-03-02
E01270,1054,Marketing,337225,2025-03-02
E01271,1055,Staff Salaries,17263,2025-03-02
E01272,1055,Utilities,212215,2025-03-02
E01273,1055,Provision Reserve,361221,2025-03-02
E01274,1055,Maintenance,140565,2025-03-02
E01275,1055,Marketing,267783,2025-03-02
E01276,1056,Staff Salaries,374323,2025-03-02
E01277,1056,Utilities,438354,2025-03-02
E01278,1056,Provision Reserve,296481,2025-03-02
E01279,1056,Maintenance,34460,2025-03-02
E01280,1056,Marketing,31925,2025-03-02
E01281,1057,Staff Salaries,199945,2025-03-02
E01282,1057,Utilities,477874,2025-03-02
E01283,1057,Provision Reserve,239730,2025-03-02
E01284,1057,Maintenance,325869,2025-03-02
E01285,1057,Marketing,407770,2025-03-02
E01286,1058,Staff Salaries,50264,2025-03-02
E01287,1058,Utilities,386807,2025-03-02
E01288,1058,Provision Reserve,233336,2025-03-02
E01289,1058,Maintenance,36308,2025-03-02
E01290,1058,Marketing,121297,2025-03-02
E01291,1059,Staff Salaries,444513,2025-03-02
E01292,1059,Utilities,298089,2025-03-02
E01293,1059,Provision Reserve,357114,2025-03-02
E01294,1059,Maintenance,138020,2025-03-02
E01295,1059,Marketing,132881,2025-03-02
E01296,1060,Staff Salaries,283476,2025-03-02
E01297,1060,Utilities,434638,2025-03-02
E01298,1060,Provision Reserve,448975,2025-03-02
E01299,1060,Maintenance,264332,2025-03-02
E01300,1060,Marketing,464021,2025-03-02
E01301,1061,Staff Salaries,494645,2025-03-02
E01302,1061,Utilities,210776,2025-03-02
E01303,1061,Provision Reserve,352305,2025-03-02
E01304,1061,Maintenance,313839,2025-03-02
E01305,1061,Marketing,148059,2025-03-02
E01306,1062,Staff Salaries,233766,2025-03-02
E01307,1062,Utilities,495374,2025-03-02
E01308,1062,Provision Reserve,276257,2025-03-02
E01309,1062,Maintenance,324892,2025-03-02
E01310,1062,Marketing,314791,2025-03-02
E01311,1063,Staff Salaries,350431,2025-03-02
E01312,1063,Utilities,268169,2025-03-02
E01313,1063,Provision Reserve,88842,2025-03-02
E01314,1063,Maintenance,174594,2025-03-02
E01315,1063,Marketing,156566,2025-03-02
E01316,1064,Staff Salaries,347292,2025-03-02
E01317,1064,Utilities,469051,2025-03-02
E01318,1064,Provision Reserve,324728,2025-03-02
E01319,1064,Maintenance,484425,2025-03-02
E01320,1064,Marketing,292517,2025-03-02
E01321,1065,Staff Salaries,462223,2025-03-02
E01322,1065,Utilities,57853,2025-03-02
E01323,1065,Provision Reserve,476894,2025-03-02
E01324,1065,Maintenance,449364,2025-03-02
E01325,1065,Marketing,206862,2025-03-02
E01326,1066,Staff Salaries,175282,2025-03-02
E01327,1066,Utilities,23626,2025-03-02
E01328,1066,Provision Reserve,487124,2025-03-02
E01329,1066,Maintenance,148511,2025-03-02
E01330,1066,Marketing,477241,2025-03-02
E01331,1067,Staff Salaries,302468,2025-03-02
E01332,1067,Utilities,259601,2025-03-02
E01333,1067,Provision Reserve,225775,2025-03-02
E01334,1067,Maintenance,462511,2025-03-02
E01335,1067,Marketing,157409,2025-03-02
E01336,1068,Staff Salaries,71106,2025-03-02
E01337,1068,Utilities,21527,2025-03-02
E01338,1068,Provision Reserve,458341,2025-03-02
E01339,1068,Maintenance,446253,2025-03-02
E01340,1068,Marketing,292250,2025-03-02
E01341,1069,Staff Salaries,227769,2025-03-02
E01342,1069,Utilities,328654,2025-03-02
E01343,1069,Provision Reserve,358748,2025-03-02
E01344,1069,Maintenance,80218,2025-03-02
E01345,1069,Marketing,258068,2025-03-02
E01346,1070,Staff Salaries,477056,2025-03-02
E01347,1070,Utilities,44889,2025-03-02
E01348,1070,Provision Reserve,145064,2025-03-02
E01349,1070,Maintenance,255780,2025-03-02
E01350,1070,Marketing,19746,2025-03-02
E01351,1071,Staff Salaries,162347,2025-03-02
E01352,1071,Utilities,99444,2025-03-02
E01353,1071,Provision Reserve,158005,2025-03-02
E01354,1071,Maintenance,278132,2025-03-02
E01355,1071,Marketing,340321,2025-03-02
E01356,1072,Staff Salaries,447384,2025-03-02
E01357,1072,Utilities,188425,2025-03-02
E01358,1072,Provision Reserve,316307,2025-03-02
E01359,1072,Maintenance,365901,2025-03-02
E01360,1072,Marketing,455060,2025-03-02
E01361,1073,Staff Salaries,373537,2025-03-02
E01362,1073,Utilities,332927,2025-03-02
E01363,1073,Provision Reserve,91637,2025-03-02
E01364,1073,Maintenance,316770,2025-03-02
E01365,1073,Marketing,133846,2025-03-02
E01366,1074,Staff Salaries,89946,2025-03-02
E01367,1074,Utilities,51627,2025-03-02
E01368,1074,Provision Reserve,450947,2025-03-02
E01369,1074,Maintenance,27112,2025-03-02
E01370,1074,Marketing,358344,2025-03-02
E01371,1075,Staff Salaries,146342,2025-03-02
E01372,1075,Utilities,361358,2025-03-02
E01373,1075,Provision Reserve,105543,2025-03-02
E01374,1075,Maintenance,461625,2025-03-02
E01375,1075,Marketing,387541,2025-03-02
E01376,1076,Staff Salaries,287607,2025-03-02
E01377,1076,Utilities,473756,2025-03-02
E01378,1076,Provision Reserve,309116,2025-03-02
E01379,1076,Maintenance,337276,2025-03-02
E01380,1076,Marketing,160628,2025-03-02
E01381,1077,Staff Salaries,227575,2025-03-02
E01382,1077,Utilities,43006,2025-03-02
E01383,1077,Provision Reserve,125328,2025-03-02
E01384,1077,Maintenance,421980,2025-03-02
E01385,1077,Marketing,43175,2025-03-02
E01386,1078,Staff Salaries,274670,2025-03-02
E01387,1078,Utilities,68126,2025-03-02
E01388,1078,Provision Reserve,404891,2025-03-02
E01389,1078,Maintenance,440008,2025-03-02
E01390,1078,Marketing,295782,2025-03-02
E01391,1079,Staff Salaries,57649,2025-03-02
E01392,1079,Utilities,82322,2025-03-02
E01393,1079,Provision Reserve,462265,2025-03-02
E01394,1079,Maintenance,310757,2025-03-02
E01395,1079,Marketing,473004,2025-03-02
E01396,1080,Staff Salaries,360088,2025-03-02
E01397,1080,Utilities,187655,2025-03-02
E01398,1080,Provision Reserve,258456,2025-03-02
E01399,1080,Maintenance,322972,2025-03-02
E01400,1080,Marketing,349761,2025-03-02
E01401,1081,Staff Salaries,107358,2025-03-02
E01402,1081,Utilities,451955,2025-03-02
E01403,1081,Provision Reserve,393289,2025-03-02
E01404,1081,Maintenance,394491,2025-03-02
E01405,1081,Marketing,496621,2025-03-02
E01406,1082,Staff Salaries,439072,2025-03-02
E01407,1082,Utilities,268065,2025-03-02
E01408,1082,Provision Reserve,382337,2025-03-02
E01409,1082,Maintenance,304689,2025-03-02
E01410,1082,Marketing,153281,2025-03-02
E01411,1083,Staff Salaries,289245,2025-03-02
E01412,1083,Utilities,194486,2025-03-02
E01413,1083,Provision Reserve,340918,2025-03-02
E01414,1083,Maintenance,437929,2025-03-02
E01415,1083,Marketing,487831,2025-03-02
E01416,1084,Staff Salaries,476738,2025-03-02
E01417,1084,Utilities,269949,2025-03-02
E01418,1084,Provision Reserve,411212,2025-03-02
E01419,1084,Maintenance,334799,2025-03-02
E01420,1084,Marketing,445203,2025-03-02
E01421,1085,Staff Salaries,188152,2025-03-02
E01422,1085,Utilities,99495,2025-03-02
E01423,1085,Provision Reserve,499761,2025-03-02
E01424,1085,Maintenance,81261,2025-03-02
E01425,1085,Marketing,323863,2025-03-02
E01426,1086,Staff Salaries,441442,2025-03-02
E01427,1086,Utilities,399579,2025-03-02
E01428,1086,Provision Reserve,229999,2025-03-02
E01429,1086,Maintenance,321121,2025-03-02
E01430,1086,Marketing,420140,2025-03-02
E01431,1087,Staff Salaries,396942,2025-03-02
E01432,1087,Utilities,447247,2025-03-02
E01433,1087,Provision Reserve,109395,2025-03-02
E01434,1087,Maintenance,157204,2025-03-02
E01435,1087,Marketing,243239,2025-03-02
E01436,1088,Staff Salaries,356172,2025-03-02
E01437,1088,Utilities,402995,2025-03-02
E01438,1088,Provision Reserve,271590,2025-03-02
E01439,1088,Maintenance,316838,2025-03-02
E01440,1088,Marketing,86977,2025-03-02
E01441,1089,Staff Salaries,334986,2025-03-02
E01442,1089,Utilities,273673,2025-03-02
E01443,1089,Provision Reserve,78372,2025-03-02
E01444,1089,Maintenance,171092,2025-03-02
E01445,1089,Marketing,241874,2025-03-02
E01446,1090,Staff Salaries,350639,2025-03-02
E01447,1090,Utilities,197620,2025-03-02
E01448,1090,Provision Reserve,122061,2025-03-02
E01449,1090,Maintenance,305341,2025-03-02
E01450,1090,Marketing,19841,2025-03-02
E01451,1091,Staff Salaries,291079,2025-03-02
E01452,1091,Utilities,49520,2025-03-02
E01453,1091,Provision Reserve,413197,2025-03-02
E01454,1091,Maintenance,403630,2025-03-02
E01455,1091,Marketing,474364,2025-03-02
E01456,1092,Staff Salaries,145321,2025-03-02
E01457,1092,Utilities,211178,2025-03-02
E01458,1092,Provision Reserve,64398,2025-03-02
E01459,1092,Maintenance,428398,2025-03-02
E01460,1092,Marketing,267280,2025-03-02
E01461,1093,Staff Salaries,408016,2025-03-02
E01462,1093,Utilities,12268,2025-03-02
E01463,1093,Provision Reserve,326217,2025-03-02
E01464,1093,Maintenance,244861,2025-03-02
E01465,1093,Marketing,351814,2025-03-02
E01466,1094,Staff Salaries,78669,2025-03-02
E01467,1094,Utilities,131479,2025-03-02
E01468,1094,Provision Reserve,109837,2025-03-02
E01469,1094,Maintenance,193204,2025-03-02
E01470,1094,Marketing,186517,2025-03-02
E01471,1095,Staff Salaries,115621,2025-03-02
E01472,1095,Utilities,357338,2025-03-02
E01473,1095,Provision Reserve,117835,2025-03-02
E01474,1095,Maintenance,370591,2025-03-02
E01475,1095,Marketing,388624,2025-03-02
E01476,1096,Staff Salaries,124628,2025-03-02
E01477,1096,Utilities,378232,2025-03-02
E01478,1096,Provision Reserve,183735,2025-03-02
E01479,1096,Maintenance,75599,2025-03-02
E01480,1096,Marketing,242533,2025-03-02
E01481,1097,Staff Salaries,79605,2025-03-02
E01482,1097,Utilities,23642,2025-03-02
E01483,1097,Provision Reserve,406520,2025-03-02
E01484,1097,Maintenance,30048,2025-03-02
E01485,1097,Marketing,173750,2025-03-02
E01486,1098,Staff Salaries,184603,2025-03-02
E01487,1098,Utilities,354100,2025-03-02
E01488,1098,Provision Reserve,89058,2025-03-02
E01489,1098,Maintenance,123068,2025-03-02
E01490,1098,Marketing,91877,2025-03-02
E01491,1099,Staff Salaries,166500,2025-03-02
E01492,1099,Utilities,130924,2025-03-02
E01493,1099,Provision Reserve,190392,2025-03-02
E01494,1099,Maintenance,22858,2025-03-02
E01495,1099,Marketing,53857,2025-03-02
E01496,1100,Staff Salaries,22792,2025-03-02
E01497,1100,Utilities,16897,2025-03-02
E01498,1100,Provision Reserve,219093,2025-03-02
E01499,1100,Maintenance,155565,2025-03-02
E01500,1100,Marketing,426646,2025-03-02
